"","cruise_name","station","zoo_gear","ich_gear","lat","lon","region","region_name","strata_47","strata_46","strata_26","date","month","day","year","doy","time","depth","season","sfc_temp","sfc_salt","btm_temp","btm_salt","volume_1m2","min_nonzero","log10_ZP","log_mean_ZP","sd_ZP","runMean_ZP"
"1","AL9811",184,"6B3","",40.5617,-68.145,3,"GB",27,27,14,"10/12/1998",10,12,1998,285,"20:03",96,"Fall",14.28,32.135,10.3,33.496,4.56,0.24,0.670245853074124,1.2339680097576,0.0979175580464886,1.2339680097576
"2","AL9910",186,"6B3Z","6B3I",40.8533,-68.6567,3,"GB",30,30,16,"10/13/1999",10,13,1999,286,"2:44",58,"Fall",15.99,32.669,15.83,32.72,16.73,0.24,1.22659990520736,1.20599229934789,0.0979175580464886,1.21998015455274
"3","AL0006",190,"6B3Z","6B3I",40.3033,-68.3233,3,"GB",26,26,13,"9/25/2000",9,25,2000,269,"13:41",145,"Fall",17.66,32.502,11.94,35.473,4.15,0.24,0.630427875025024,1.22850413167051,0.0979175580464886,1.22282148025867
"4","AL0110",192,"6B3Z","6B3I",40.2617,-68.5433,3,"GB",26,26,13,"9/26/2001",9,26,2001,269,"18:35",140,"Fall",22.5,34.785,11.88,35.523,2.02,0.24,0.330413773349191,1.08863536360602,0.0979175580464886,1.18927495109551
"5","AL0210",189,"6B3Z","6B3I",40.53,-68.68,3,"GB",27,27,14,"10/4/2002",10,4,2002,277,"21:18",69,"Fall",18.88,33.501,13.11,33.766,13.05,0.24,1.11958577496178,1.08931857023252,0.0979175580464886,1.16928367492291
"6","AL0305",96,"6B3Z","6B3I",40.2833,-68.2683,3,"GB",26,26,13,"9/22/2003",9,22,2003,265,"20:04",233,"Fall",23.5,34.568,NA,NA,16.35,0.24,1.21669359916975,1.11529045824091,0.0979175580464886,1.14554816461957
"7","AL0409",207,"6B3Z","6B3I",41.9383,-65.7233,3,"GB",28,28,13,"10/9/2004",10,9,2004,283,"5:10",231,"Fall",15.8,32.019,NA,NA,26.06,0.24,1.41796964221474,1.16257278581946,0.0979175580464886,1.13686426191389
"8","AL0508",229,"6B3Z","6B3I",41.925,-67.1267,3,"GB",30,30,16,"10/11/2005",10,11,2005,284,"6:20",53,"Fall",15.4,31.799,14.13,31.984,41.37,0.24,1.61794343482897,1.12354105561858,0.0979175580464886,1.1158716467035
"9","AL0608",191,"6B3Z","6B3I",40.61,-68.7883,3,"GB",27,27,14,"9/28/2006",9,28,2006,271,"6:15",66,"Fall",17.8,32.662,11.2,32.764,31.82,0.24,1.50433491180246,1.20795829058182,0.0979175580464886,1.13973623209866
"10","AL0707",200,"6B3Z","6B3I",40.57,-67.5017,3,"GB",27,27,14,"10/7/2007",10,7,2007,280,"4:08",106,"Fall",16.78,32.274,7.55,33.895,29.36,0.24,1.46952747918701,1.1902438063208,0.0979175580464886,1.15992127931632
"11","DE0810",75,"6B3Z","6B3I",40.11,-68.745,3,"GB",26,26,13,"11/4/2008",11,4,2008,309,"19:49",177,"Fall",22.14,35.737,14.19,35.864,8.29,0.24,0.924795995797912,1.22020758479316,0.0979175580464886,1.18090470462677
"12","DE0911",97,"6B3Z","6B3I",41.9833,-67.6767,3,"GB",31,31,16,"11/19/2009",11,19,2009,323,"1:52",50,"Fall",12.88,32.705,12.82,32.769,9.39,0.24,0.978180516937414,1.0247712338078,0.0979175580464886,1.15334439422443
"13","DE1012",66,"6B3","6B3",41.0217,-68.5767,3,"GB",30,30,16,"11/14/2010",11,14,2010,318,"23:29",54,"Fall",12.95,32.182,12.63,32.231,5.32,0.24,0.73559889969818,1.01492006087333,0.0979175580464886,1.13162019527538
"14","DE1109",63,"6B3","6B3",40.5483,-68.6817,3,"GB",27,27,14,"11/13/2011",11,13,2011,317,"5:48",68,"Fall",14.29,32.651,19.55,35.178,12.16,0.24,1.08919836680515,0.975626084457093,0.0979175580464886,1.08515375405044
"15","HB1206",1189,"6B3Z","6B3I",40.8983,-67.8933,3,"GB",27,27,14,"10/14/2012",10,14,2012,288,"6:42",61,"Fall",16.26,32.646,15.77,32.696,16.39,0.24,1.21774707326279,1.11980525259986,0.0979175580464886,1.07106604330625
"16","GU1305",68,"6B3Z","6B3I",42.0817,-67.0017,3,"GB",32,32,17,"11/22/2013",11,22,2013,326,"8:00",64,"Fall",11.11,32.848,11.12,32.85,17.43,0.24,1.24427712080184,1.14078130718278,0.0979175580464886,1.05518078778418
"17","HB1405",6141,"6B3Z","6B3I",40.3283,-67.9683,3,"GB",26,26,13,"10/11/2014",10,11,2014,284,"12:06",152,"Fall",17.15,33.027,13.32,35.433,125.3,0.24,2.09836679643933,1.24922256389089,0.0979175580464886,1.10007105380079
"18","GU1506",75,"6B3Z","6B3I",41.7483,-68.17,3,"GB",31,31,16,"10/21/2015",10,21,2015,294,"8:25",53,"Fall",14.76,32.946,14.73,32.936,14.45,0.24,1.16345955176999,1.25215358654259,0.0979175580464886,1.14751775893464
"19","HB1604",2191,"6B3Z","6B3I",41.475,-67.4483,3,"GB",30,30,16,"10/16/2016",10,16,2016,290,"4:30",48,"Fall",16.72,32.826,16.77,32.831,5.44,0.24,0.745074791582057,1.10115217068206,0.0979175580464886,1.17262297617964
"20","GU1706",9,"6B3Z","6B3I",41.4183,-68.3333,3,"GB",31,31,16,"11/2/2017",11,2,2017,306,"3:41",54,"Fall",15.06,32.436,14.82,32.522,44.69,0.24,1.65137494391304,1.35569401181805,0.0979175580464886,1.21980072802328
"21","HB1806",6835,"6B3Z","6B3I",40.4633,-68.81,3,"GB",27,27,14,"9/29/2018",9,29,2018,272,"21:06",77,"Fall",18.66,33.344,11.19,33.127,29.59,0.24,1.47290265180366,1.33728726773077,0.0979175580464886,1.25910192013287
"22","GU1905",94,"6B3Z","6B3I",41.1633,-66.3433,3,"GB",28,28,13,"10/29/2019",10,29,2019,302,"14:34",136,"Fall",16.08,34.147,11.87,35.032,15.32,0.24,1.18864729599972,1.21113386156238,0.0979175580464886,1.25148417966717
"23","HB2103",3074,"6B3Z","6B3I",40.8167,-68.7333,3,"GB",27,27,14,"10/15/2021",10,15,2021,288,"20:15",67,"Fall",16.76,32.635,16.34,32.67,33.11,0.24,1.52153034127871,1.42859401138685,0.0979175580464886,1.28677226463602
"24","AL9804",273,"6B3","",41.9583,-67.7317,3,"GB",31,31,16,"4/6/1998",4,6,1998,96,"5:40",42,"Spring",5.24,32.077,5.45,32.407,11.7,0.63,1.07972377513992,1.48022025540754,0.183193389204121,1.48022025540754
"25","AL9903",204,"6B3","",40.5317,-68.6,3,"GB",27,27,14,"4/6/1999",4,6,1999,96,"23:42",73,"Spring",6.42,32.5,5.47,32.59,35.06,0.63,1.54869644853235,1.42648633079497,0.183193389204121,1.45335329310125
"26","AL0002",187,"6B3Z","6B3I",40.62,-68.6633,3,"GB",27,27,14,"4/7/2000",4,7,2000,98,"16:49",61,"Spring",7.03,33.034,6.87,33.199,10.16,0.63,1.02015403163833,1.52913688170986,0.183193389204121,1.47861448930412
"27","AL0103",221,"6B3Z","6B3I",41.4567,-68.2583,3,"GB",31,31,16,"4/11/2001",4,11,2001,101,"22:32",47,"Spring",6.16,32.711,5.55,32.814,46.97,0.63,1.67472339337231,1.66382482199699,0.183193389204121,1.52491707247734
"28","AL0203",145,"6B3Z","6B3I",40.6833,-67.8683,3,"GB",27,27,14,"3/1/2002",3,1,2002,60,"0:52",80,"Spring",5.52,32.67,5.55,32.685,6.68,0.63,0.844787718827846,1.38324012662575,0.183193389204121,1.49658168330702
"29","DE0303",188,"6B3Z","6B3I",40.6217,-68.655,3,"GB",27,27,14,"4/4/2003",4,4,2003,94,"5:02",61,"Spring",4.68,32.573,4.69,32.555,49.35,0.63,1.69605043980775,1.62073696108934,0.183193389204121,1.52468502444338
"30","AL0403",191,"6B3Z","6B3I",40.8683,-68.855,3,"GB",27,27,14,"4/1/2004",4,1,2004,92,"3:13",65,"Spring",3.81,32.885,3.78,32.89,513.83,0.63,2.71108561669802,1.87888697396094,0.183193389204121,1.61516515307658
"31","AL0503",213,"6B3Z","6B3I",41.135,-67.2267,3,"GB",29,29,15,"4/4/2005",4,4,2005,94,"9:48",61,"Spring",3.84,32.25,3.83,32.259,24.37,0.63,1.39243313155555,1.31996518341383,0.183193389204121,1.57333081341737
"32","AL0602",129,"6B3Z","6B3I",40.4233,-68.72,3,"GB",27,27,14,"3/1/2006",3,1,2006,60,"17:59",84,"Spring",5.25,32.504,8.61,33.72,4.06,0.63,0.640978057358332,1.67876595082431,0.183193389204121,1.57631903918283
"33","AL0703",276,"6B3Z","6B3I",41.6133,-68.425,3,"GB",31,31,16,"4/11/2007",4,11,2007,101,"14:30",55,"Spring",5.2,33.146,5.15,33.143,7,0.63,0.86421433046133,1.55413480523425,0.183193389204121,1.61049797490453
"34","AL0801",184,"6B3Z","6B3I",40.3333,-68.1967,3,"GB",26,26,13,"4/4/2008",4,4,2008,95,"8:19",157,"Spring",5.06,32.615,11.87,35.363,30.35,0.63,1.48664296902351,1.3210038920617,0.183193389204121,1.55055136109901
"35","HB0901",291,"6B3Z","6B3I",41.075,-66.71,3,"GB",29,29,15,"4/18/2009",4,18,2009,108,"4:52",76,"Spring",5.17,32.788,4.88,32.837,146.99,0.63,2.16821748842821,1.83883417614907,0.183193389204121,1.54254080153663
"36","HB1002",216,"6B3Z","6B3I",40.7233,-68.7933,3,"GB",27,27,14,"4/2/2010",4,2,2010,92,"15:01",66,"Spring",6.04,32.561,6.03,32.595,92.99,0.63,1.96990491721088,1.49940789224256,0.183193389204121,1.57842934330238
"37","HB1102",277,"6B3","6B3",41.7733,-66.14,3,"GB",29,29,15,"4/23/2011",4,23,2011,113,"0:39",87,"Spring",6.01,32.535,5.96,32.587,217.62,0.63,2.33832698282188,1.90002088069785,0.183193389204121,1.62268032927709
"38","HB1201",490,"6B3Z","6B3I",42.0083,-67.205,3,"GB",31,31,16,"4/11/2012",4,11,2012,102,"3:47",57,"Spring",7.21,32.998,7.22,32.997,12.59,0.63,1.11075800887989,1.40725127387802,0.183193389204121,1.59330362300584
"39","HB1301",2344,"6B3Z","6B3I",40.5767,-68.0917,3,"GB",27,27,14,"4/13/2013",4,13,2013,103,"21:55",94,"Spring",7.38,33.473,7.27,33.597,18.26,0.63,1.26892882243261,1.43479177474069,0.183193389204121,1.61606119954164
"40","GU1401",6,"6B3Z","6B3I",40.51,-68.415,3,"GB",27,27,14,"3/2/2014",3,2,2014,61,"1:08",92,"Spring",4.92,32.941,8.05,33.859,23.56,0.63,1.37794338025578,1.23765088662436,0.183193389204121,1.4958245416367
"41","HB1501",7419,"6B3Z","6B3I",40.4133,-68.76,3,"GB",27,27,14,"4/11/2015",4,11,2015,101,"0:05",84,"Spring",6.27,33.32,5.18,33.455,45.23,0.63,1.65844070641113,1.53316928331018,0.183193389204121,1.50257681985022
"42","GU1608",82,"6B3Z","6B3I",40.2517,-68.6667,3,"GB",26,26,13,"5/29/2016",5,29,2016,150,"14:58",114,"Spring",12.11,32.41,13.1,35.497,23.5,0.63,1.37685058584761,1.35954387582852,0.183193389204121,1.39448141887635
"43","GU1701",71,"6B3Z","6B3I",40.1667,-68.6667,3,"GB",26,26,13,"5/23/2017",5,23,2017,143,"23:55",163,"Spring",10.69,32.938,12.07,35.465,28.01,0.63,1.45216991853543,1.53159220949042,0.183193389204121,1.41934960599883
"44","HB1802",6143,"6B3Z","6B3I",41.895,-66.1967,3,"GB",29,29,15,"4/23/2018",4,23,2018,113,"18:02",84,"Spring",6.97,33.461,6.48,33.497,156.42,0.63,2.19516598823358,1.71389076329907,0.183193389204121,1.47516940371051
"45","HB1901",8223,"6B3Z","6B3I",40.5583,-68.66,3,"GB",27,27,14,"4/13/2019",4,13,2019,103,"5:15",68,"Spring",5.84,32.65,5.47,32.727,32.12,0.63,1.51101390226625,1.2330371347513,0.183193389204121,1.4742466533359
"46","GU2102",54,"6B3Z","6B3I",40.5833,-68.8317,3,"GB",27,27,14,"5/20/2021",5,20,2021,140,"11:45",67,"Spring",10.46,32.838,8.05,32.823,5.38,0.63,0.755493728415119,1.32083404568627,0.183193389204121,1.43177960581111
"47","AL9807",57,"6B3","",40.475,-68.8183,3,"GB",27,27,14,"6/1/1998",6,1,1998,152,"19:41",76,"Summer",10.24,32.041,6.91,32.255,116.73,0.92,2.06889055425794,1.4733430653641,0.0997014270067488,1.4733430653641
"48","AJ9901",6,"6B3Z","6B3I",41.33,-67.87,3,"GB",30,30,16,"6/3/1999",6,3,1999,154,"23:53",40,"Summer",11.17,32.527,11.18,32.53,28.72,0.92,1.46508528755743,1.33022597070855,0.0997014270067488,1.40178451803632
"49","AL0005",15,"6B3Z","6B3I",40.9967,-66.765,3,"GB",29,29,15,"8/24/2000",8,24,2000,237,"7:36",73,"Summer",17.57,32.278,8.69,33.193,10.08,0.92,1.02284061087653,1.44166525287207,0.0997014270067488,1.41507809631491
"50","AL0109",1,"6B3Z","6B3I",40.7333,-68.8683,3,"GB",27,27,14,"8/21/2001",8,21,2001,233,"6:00",59,"Summer",20.63,32.198,11.13,32.537,22.78,0.92,1.36623612371829,1.44033793395515,0.0997014270067488,1.42139305572497
"51","AL0206",93,"6B3Z","6B3I",42.0533,-67.4317,3,"GB",31,31,16,"6/2/2002",6,2,2002,153,"6:00",55,"Summer",10.11,32.812,9.73,32.842,21.3,0.92,1.33765889102614,1.38967161358556,0.0997014270067488,1.41504876729709
"52","AM0301",10,"6B3Z","6B3I",40.6983,-68.0267,3,"GB",27,27,14,"8/21/2003",8,21,2003,233,"6:18",81,"Summer",19.12,32.299,8.7,33.011,46.17,0.92,1.66866541545449,1.49672318270219,0.0997014270067488,1.4197247907647
"53","AL0405",74,"6B3Z","6B3I",41.1833,-68.0733,3,"GB",30,30,16,"6/3/2004",6,3,2004,155,"5:28",48,"Summer",9.2,32.898,9.21,32.902,49.15,0.92,1.69556922703619,1.60313318543381,0.0997014270067488,1.47430623370976
"54","AL0505",86,"6B3Z","6B3I",41.4017,-67.3883,3,"GB",30,30,16,"6/3/2005",6,3,2005,154,"21:38",32,"Summer",8.64,32.239,8.33,32.246,14,0.92,1.16016829295851,1.36742955862727,0.0997014270067488,1.4594590948608
"55","AL0605",63,"6B3Z","6B3I",41.11,-68.605,3,"GB",31,31,16,"6/8/2006",6,8,2006,159,"10:22",59,"Summer",9.46,32.378,9.24,32.384,28.26,0.92,1.45818443557026,1.29462412627182,0.0997014270067488,1.43031633332413
"56","DE0706",93,"6B3Z","6B3I",42.065,-66.5167,3,"GB",29,29,15,"6/1/2007",6,1,2007,152,"13:00",86,"Summer",10.19,32.984,6.27,33.146,234.71,0.92,2.37138191916665,1.13496800973153,0.0997014270067488,1.37937561255333
"57","DE0808",75,"6B3Z","6B3I",40.9383,-68.4483,3,"GB",30,30,16,"8/20/2008",8,20,2008,233,"15:28",50,"Summer",16.05,32.396,15.92,32.4,63.54,0.92,1.80617997398389,1.53221370260857,0.0997014270067488,1.3864737165346
"58","DE0905",70,"6B3Z","6B3I",41.985,-67.945,3,"GB",32,32,17,"6/5/2009",6,5,2009,156,"8:47",180,"Summer",11.02,32.381,6.2,33.817,20.69,0.92,1.32531037171106,1.38018421961779,0.0997014270067488,1.3418839233714
"59","DE1004",94,"6B3Z","6B3I",41.395,-67.01,3,"GB",29,29,15,"6/4/2010",6,4,2010,155,"21:42",65,"Summer",10.45,32.26,8.3,32.275,30.23,0.92,1.48699688843182,1.33913665915628,0.0997014270067488,1.3362253434772
"60","DE1105",77,"6B3","6B3",40.6433,-68.6833,3,"GB",27,27,14,"6/9/2011",6,9,2011,160,"17:12",65,"Summer",11.16,32.354,9.14,32.38,24.88,0.92,1.40380661054742,1.47996222043528,0.0997014270067488,1.37329296230989
"61","HB1202",71,"6B3Z","6B3I",40.9333,-67.55,3,"GB",27,27,14,"6/11/2012",6,11,2012,163,"11:11",73,"Summer",12.01,32.886,9.17,32.964,48.36,0.92,1.68859777508117,1.27377755123862,0.0997014270067488,1.40105487061131
"62","EX1305",10,"6B3Z","6B3I",40.9117,-68.8317,3,"GB",27,27,14,"8/26/2013",8,26,2013,238,"0:16",72,"Summer",15.09,32.513,14.52,32.553,33.17,0.92,1.52672686731464,1.42811897112802,0.0997014270067488,1.3802359243152
"63","GU1608",111,"6B3Z","6B3I",41.9217,-67.415,3,"GB",31,31,16,"6/1/2016",6,1,2016,153,"8:49",51,"Summer",10.15,32.819,10.15,32.819,32.98,0.92,1.52426626876698,1.36204358067106,0.0997014270067488,1.37660779652585
"64","GU1701",103,"6B3Z","6B3I",41.8317,-68.0017,3,"GB",32,32,17,"6/1/2017",6,1,2017,152,"1:02",60,"Summer",9.42,32.438,6.86,32.622,24.21,0.92,1.39216914948974,1.3856185005445,0.0997014270067488,1.38590416480349
"65","GU1804",17,"6B3Z","6B3I",40.745,-68.8417,3,"GB",27,27,14,"8/24/2018",8,24,2018,236,"8:11",67,"Summer",19.41,32.245,14.65,32.435,49.96,0.92,1.70260284134043,1.43118463354898,0.0997014270067488,1.37614864742623
"66","GU1902",82,"6B3Z","6B3I",41.9917,-67.5917,3,"GB",31,31,16,"8/25/2019",8,25,2019,237,"0:10",44,"Summer",17.73,32.401,15.63,32.411,21.95,0.92,1.35044185653506,1.28799430660118,0.0997014270067488,1.37899199849875
"67","PC2104",41,"6B3Z","6B3I",40.415,-68.7533,3,"GB",27,27,14,"8/9/2021",8,9,2021,221,"16:21",85,"Summer",25.6,35.203,16.13,35.65,27.98,0.92,1.45392959205773,1.47178044268908,0.0997014270067488,1.38772429281096
"68","AL9803",108,"6B3","",40.4417,-68.3633,3,"GB",27,27,14,"2/22/1998",2,22,1998,53,"17:51",105,"Winter",4.51,32.306,4.65,32.891,15.32,0.51,1.19242805533121,1.2591081546578,0.145740567457536,1.2591081546578
"69","AL9902",112,"6B3","",40.35,-68.0917,3,"GB",26,26,13,"2/18/1999",2,18,1999,49,"20:04",173,"Winter",10.12,34.09,12.12,35.238,4.57,0.51,0.683497317679811,1.05870274485872,0.145740567457536,1.15890544975826
"70","AL0001",128,"6B3Z","6B3I",40.4567,-68.1183,3,"GB",26,26,13,"2/29/2000",2,29,2000,60,"6:59",143,"Winter",6,32.953,13.03,35.637,3.7,0.51,0.597146487833695,0.82596378633491,0.145740567457536,1.04792489528381
"71","AL0102",149,"6B3Z","6B3I",40.5367,-68.7317,3,"GB",27,27,14,"2/19/2001",2,19,2001,50,"0:34",69,"Winter",6.12,32.889,6.1,32.904,18.23,0.51,1.26681945490913,1.1888252028112,0.145740567457536,1.08314997216566
"72","AL0202",21,"6B3Z","6B3I",42.0667,-66.0717,3,"GB",29,29,15,"1/27/2002",1,27,2002,27,"11:01",95,"Winter",6.32,32.63,7.61,33.668,1.84,0.51,0.321184027302314,0.72679194462958,0.145740567457536,1.01187836665844
"73","DE0301",28,"6B3Z","6B3I",41.9867,-66.2617,3,"GB",29,29,15,"1/27/2003",1,27,2003,27,"7:24",79,"Winter",4.38,NA,5.96,NA,1.21,0.51,0.165837624690128,0.805295563016692,0.145740567457536,0.92111584833022
"74","DE0501",38,"6B3Z","6B3I",41.1467,-68.2867,3,"GB",30,30,16,"2/1/2005",2,1,2005,32,"19:39",39,"Winter",4.02,32.311,4.03,32.31,7.99,0.51,0.916190659980538,0.813565450681795,0.145740567457536,0.872088389494836
"75","DE0602",37,"6B3Z","6B3I",40.8517,-68.415,3,"GB",30,30,16,"2/3/2006",2,3,2006,34,"2:17",48,"Winter",6.51,32.332,6.53,32.333,12.43,0.51,1.10329047155775,0.928097075843892,0.145740567457536,0.892515047396632
"76","DE0701",36,"6B3Z","6B3I",41.0883,-67.61,3,"GB",30,30,16,"2/7/2007",2,7,2007,38,"18:11",57,"Winter",4.92,32.679,4.86,32.729,13.68,0.51,1.14410697304932,1.01018581818403,0.145740567457536,0.856787170471198
"77","DE0802",53,"6B3Z","6B3I",40.5233,-67.15,3,"GB",26,26,13,"2/1/2008",2,1,2008,32,"20:33",210,"Winter",10.39,34.198,11.14,35.417,19.74,0.51,1.30092140846954,0.815421370437364,0.145740567457536,0.874513055632755
"78","DE0902",69,"6B3Z","6B3I",40.225,-68.3733,3,"GB",26,26,13,"2/5/2009",2,5,2009,36,"17:07",169,"Winter",5.21,32.327,13.41,35.443,0.77,0.51,0.0107238653917731,0.841468248471085,0.145740567457536,0.881747592723634
"79","DE1001",56,"6B3Z","6B3I",41.6867,-66.8517,3,"GB",29,29,15,"2/14/2010",2,14,2010,45,"4:46",66,"Winter",4.77,32.65,4.75,32.625,6.83,0.51,0.850339854583479,0.759971334738847,0.145740567457536,0.871028769535044
"80","DE1102",77,"6B3","6B3",40.815,-67.7183,3,"GB",27,27,14,"2/11/2011",2,11,2011,42,"7:37",70,"Winter",5.36,33.047,5.39,33.131,19.27,0.51,1.29059104254934,0.84552400560723,0.145740567457536,0.854514155487712
"81","DE1202",3,"6B3","6B3",41.2517,-68.465,3,"GB",31,31,16,"2/3/2012",2,3,2012,34,"11:57",57,"Winter",8.08,32.428,8.11,32.437,5.78,0.51,0.780677274433368,0.714049987678975,0.145740567457536,0.7952869893867
"82","PC1301",101,"6B3Z","6B3I",41.2267,-67.6117,3,"GB",30,30,16,"2/23/2013",2,23,2013,54,"18:01",36,"Winter",5.9,33.425,5.89,33.422,3.31,0.51,0.552059534187884,0.835735046344856,0.145740567457536,0.799349724568199
"83","HB1701",63,"6B3Z","6B3I",40.33,-68.4167,3,"GB",26,26,13,"2/18/2017",2,18,2017,49,"6:36",126,"Winter",6.81,32.936,12.44,35.156,15.35,0.51,1.19326377300135,1.07604586097013,0.145740567457536,0.846265247068007
"84","AL9811",210,"6B3","",41.1917,-68.7667,4,"GOM",33,33,18,"10/15/1998",10,15,1998,288,"17:22",79,"Fall",12.29,31.993,8.18,32.572,31.11,0.05,1.49324887005742,1.51542460805061,0.134930175332553,1.51542460805061
"85","AL9910",253,"6B3Z","6B3I",42.36,-65.8133,4,"GOM",47,46,26,"10/25/1999",10,25,1999,298,"14:01",184,"Fall",12.53,33.018,11.08,35.163,11.61,0.05,1.06576638762275,1.58894371625153,0.134930175332553,1.55218416215107
"86","AL0006",208,"6B3Z","6B3I",41.18,-68.705,4,"GOM",33,33,18,"9/27/2000",9,27,2000,271,"15:05",65,"Fall",15.88,32.439,15.52,32.458,15.93,0.05,1.20289680852953,1.49122722002188,0.134930175332553,1.53186518144134
"87","AL0110",199,"6B3Z","6B3I",41.0617,-68.7633,4,"GOM",33,33,18,"9/27/2001",9,27,2001,270,"11:27",63,"Fall",16.15,32.433,16.13,32.48,46.69,0.05,1.66945635318367,1.58859286616088,0.134930175332553,1.54604710262122
"88","AL0210",214,"6B3Z","6B3I",42.15,-65.7183,4,"GOM",38,38,17,"10/7/2002",10,7,2002,280,"12:25",263,"Fall",17.86,33.606,NA,NA,4.75,0.05,0.678973375919765,1.36977721472449,0.134930175332553,1.51079312504188
"89","AL0305",320,"6B3Z","6B3I",43.5683,-66.3417,4,"GOM",44,44,25,"10/29/2003",10,29,2003,302,"18:27",83,"Fall",10.15,33.24,10.11,33.291,15.42,0.05,1.18878791263747,1.50881329419924,0.134930175332553,1.5094708622716
"90","AL0409",212,"6B3Z","6B3I",42.3817,-66.4867,4,"GOM",38,38,17,"10/9/2004",10,9,2004,283,"16:36",298,"Fall",14.47,32.161,NA,NA,13.61,0.05,1.13465514227765,1.37673227871828,0.134930175332553,1.46702857476495
"91","AL0508",311,"6B3Z","6B3I",43.3333,-70.38,4,"GOM",40,40,22,"11/1/2005",11,1,2005,305,"20:58",109,"Fall",10.39,30.322,8.12,32.827,30.21,0.05,1.48050997294196,1.22938377997669,0.134930175332553,1.41465988675592
"92","AL0608",328,"6B3Z","6B3I",42.9117,-70.1333,4,"GOM",36,36,21,"10/18/2006",10,18,2006,291,"18:13",61,"Fall",12.7,32.252,9.22,32.676,8.44,0.05,0.927626962444954,1.34105773221217,0.134930175332553,1.36515285996617
"93","AL0707",314,"6B3Z","6B3I",43.8633,-68.6017,4,"GOM",45,45,22,"10/23/2007",10,23,2007,296,"5:31",103,"Fall",11.68,32.414,8.63,33.247,15.5,0.05,1.19103160884862,1.45806941711763,0.134930175332553,1.3828113004448
"94","AL0803",328,"6B3Z","6B3I",42.855,-70.6333,4,"GOM",40,40,22,"10/30/2008",10,30,2008,304,"16:23",77,"Fall",11.06,31.749,8.84,32.515,11.3,0.05,1.05403821068487,1.48866765283209,0.134930175332553,1.37878217217137
"95","DE0911",98,"6B3Z","6B3I",42.1817,-68.175,4,"GOM",38,38,17,"11/19/2009",11,19,2009,323,"4:38",185,"Fall",13.8,33.342,6.97,33.986,32.83,0.05,1.51660147152653,1.40164187125916,0.134930175332553,1.38376409067955
"96","DE1012",64,"6B3","6B3",41.065,-69.075,4,"GOM",33,33,18,"11/14/2010",11,14,2010,318,"20:13",87,"Fall",12.06,32.384,10.43,32.581,8.63,0.05,0.937267072211413,1.17002273180526,0.134930175332553,1.37189188104526
"97","DE1109",83,"6B3","6B3",42.21,-66.285,4,"GOM",38,38,17,"11/14/2011",11,14,2011,318,"16:42",207,"Fall",10.65,31.912,8.37,34.993,1.79,0.05,0.258876629372131,1.12054561218237,0.134930175332553,1.3277894570393
"98","HB1206",1290,"6B3Z","6B3I",42.415,-66.9417,4,"GOM",39,39,17,"10/18/2012",10,18,2012,292,"22:35",364,"Fall",14.65,32.916,NA,NA,22.64,0.05,1.35535572339471,1.46711330868026,0.134930175332553,1.32959823535183
"99","EX1305",67,"6B3Z","6B3I",43.6033,-69.5433,4,"GOM",41,41,23,"9/2/2013",9,2,2013,245,"12:05",121,"Fall",16.1,31.971,6.98,33.163,55.9,0.05,1.74760599276867,1.4775156418099,0.134930175332553,1.32736783314739
"100","HB1405",5910,"6B3Z","6B3I",41.395,-68.9967,4,"GOM",34,34,19,"10/21/2014",10,21,2014,294,"10:41",152,"Fall",14.88,32.323,5.83,33.166,18.22,0.05,1.26114386770067,1.19667933945297,0.134930175332553,1.28637532678615
"101","GU1506",62,"6B3Z","6B3I",41.165,-68.835,4,"GOM",33,33,18,"10/19/2015",10,19,2015,292,"4:32",89,"Fall",16.7,33.74,10.4,33.025,32.66,0.05,1.51434848930194,1.5167256997724,0.134930175332553,1.35571592037958
"102","HB1604",2248,"6B3Z","6B3I",42.875,-69.735,4,"GOM",37,37,20,"10/25/2016",10,25,2016,299,"6:58",205,"Fall",12.29,33.108,8.29,34.216,61.9,0.05,1.79186601525787,1.39338734023316,0.134930175332553,1.41028426598973
"103","GU1706",1,"6B3Z","6B3I",41.8267,-70.3317,4,"GOM",35,35,21,"11/1/2017",11,1,2017,305,"2:20",28,"Fall",13.09,31.851,13.07,31.854,6.67,0.05,0.825750581348028,1.37807498640431,0.134930175332553,1.39247660153455
"104","HB1806",6875,"6B3Z","6B3I",43.2683,-69.3333,4,"GOM",41,41,23,"11/9/2018",11,9,2018,313,"17:16",170,"Fall",11.23,32.921,8.35,33.635,34.92,0.05,1.54338504480984,1.36747930497319,0.134930175332553,1.3704693341672
"105","GU1905",112,"6B3Z","6B3I",42.42,-69.0817,4,"GOM",37,37,20,"10/31/2019",10,31,2019,304,"10:52",192,"Fall",13.21,32.384,8.02,34.112,66.97,0.05,1.82604239145547,1.50359898336382,0.134930175332553,1.43185326294937
"106","HB2103",3037,"6B3Z","6B3I",41.185,-68.5417,4,"GOM",33,33,18,"10/16/2021",10,16,2021,289,"6:26",61,"Fall",17.22,32.635,17.15,32.635,32.29,0.05,1.50940416025869,1.46846826375085,0.134930175332553,1.42220177574507
"107","AL9804",276,"6B3","",42.2283,-67.4117,4,"GOM",38,38,17,"4/6/1998",4,6,1998,96,"12:46",245,"Spring",4.61,31.733,NA,NA,25.66,0.26,1.41145134213794,1.41667036212974,0.20425584149842,1.41667036212974
"108","AL9903",200,"6B3","",41.2183,-68.9833,4,"GOM",33,33,18,"4/6/1999",4,6,1999,96,"14:39",116,"Spring",5.47,32.64,4.55,32.764,90.68,0.26,1.95813367567624,1.63612510995168,0.20425584149842,1.52639773604071
"109","AL0002",209,"6B3Z","6B3I",41.295,-68.5667,4,"GOM",33,33,18,"4/11/2000",4,11,2000,102,"15:59",61,"Spring",6.68,33.181,6.45,33.172,58.51,0.26,1.76819396163307,1.45068371996871,0.20425584149842,1.50115973068338
"110","AL0103",214,"6B3Z","6B3I",41.0817,-68.82,4,"GOM",33,33,18,"4/11/2001",4,11,2001,101,"5:20",65,"Spring",5.43,32.882,5.44,32.941,59.99,0.26,1.77901897191487,1.99263922781748,0.20425584149842,1.6240296049669
"111","AL0204",197,"6B3Z","6B3I",41.295,-68.495,4,"GOM",33,33,18,"4/7/2002",4,7,2002,97,"3:58",60,"Spring",6.68,32.734,6.7,32.732,15.25,0.26,1.18695633546541,1.17310965309801,0.20425584149842,1.53384561459312
"112","DE0303",295,"6B3Z","6B3I",43.81,-68.6967,4,"GOM",45,45,22,"4/22/2003",4,22,2003,112,"12:07",86,"Spring",3.31,32.195,3.15,32.525,4.79,0.26,0.69196510276736,1.86506960510567,0.20425584149842,1.62352546318831
"113","AL0403",186,"6B3Z","6B3I",41.1167,-69.3033,4,"GOM",33,33,18,"3/31/2004",3,31,2004,91,"17:26",54,"Spring",4.15,33.194,4.16,33.195,221.71,0.26,2.34603985656981,1.57516286259658,0.20425584149842,1.61133301371729
"114","AL0503",230,"6B3Z","6B3I",42.385,-66.6867,4,"GOM",39,39,17,"4/6/2005",4,6,2005,96,"12:09",335,"Spring",2.76,31.913,NA,NA,46.27,0.26,1.66651798055488,1.44688676091849,0.20425584149842,1.61057362190725
"115","AL0603",243,"6B3Z","6B3I",42.0667,-68.5483,4,"GOM",34,34,19,"4/4/2006",4,4,2006,94,"1:32",166,"Spring",5.56,32.755,6.45,33.478,182.08,0.26,2.26057220812349,1.79145683916159,0.20425584149842,1.57033714417607
"116","AL0703",317,"6B3Z","6B3I",43.5317,-69.0533,4,"GOM",41,41,23,"4/19/2007",4,19,2007,109,"11:32",105,"Spring",3.94,32.669,3.93,32.677,21.67,0.26,1.3384564936046,1.43763490363343,0.20425584149842,1.62324219428315
"117","AL0801",329,"6B3Z","6B3I",43.075,-69.915,4,"GOM",37,37,20,"5/1/2008",5,1,2008,122,"12:05",192,"Spring",6.62,32.074,6.6,33.883,10.95,0.26,1.04453976039241,1.25609546087618,0.20425584149842,1.50144736543725
"118","HB0901",312,"6B3Z","6B3I",42.4467,-66.2617,4,"GOM",38,38,17,"4/20/2009",4,20,2009,110,"10:25",220,"Spring",3.81,31.533,6.61,34.826,97.73,0.26,1.99060521142392,1.70329866998721,0.20425584149842,1.52707452691538
"119","HB1002",255,"6B3Z","6B3I",42.1883,-65.8483,4,"GOM",38,38,17,"4/6/2010",4,6,2010,96,"6:19",244,"Spring",6.07,32.839,NA,NA,22.76,0.26,1.35964579267454,1.6986560861546,0.20425584149842,1.5774283919626
"120","HB1102",283,"6B3","6B3",42.2583,-65.9567,4,"GOM",38,38,17,"4/23/2011",4,23,2011,113,"19:27",233,"Spring",6.06,32.486,NA,NA,30.43,0.26,1.48515334990365,1.61618411099189,0.20425584149842,1.54237384632866
"121","HB1201",548,"6B3Z","6B3I",42.5417,-68.3267,4,"GOM",38,38,17,"4/9/2012",4,9,2012,100,"15:50",200,"Spring",6.74,33.003,8.33,34.336,15.43,0.26,1.19200959265367,1.39398707161389,0.20425584149842,1.53364427992475
"122","HB1301",2468,"6B3Z","6B3I",43.4583,-68.0417,4,"GOM",42,42,24,"5/4/2013",5,4,2013,124,"18:56",211,"Spring",7.39,32.225,8.86,34.302,33.92,0.26,1.5321171162488,1.40489800614862,0.20425584149842,1.56340478897924
"123","GU1401",30,"6B3Z","6B3I",41.415,-68.4983,4,"GOM",33,33,18,"3/4/2014",3,4,2014,63,"13:12",79,"Spring",5.59,33.339,5.6,33.342,6.63,0.26,0.829946695941636,1.27138693576359,0.20425584149842,1.47702244213452
"124","HB1501",7489,"6B3Z","6B3I",41.5617,-69.6733,4,"GOM",33,33,18,"4/12/2015",4,12,2015,102,"9:45",34,"Spring",3.6,32.902,3.61,32.908,2.31,0.26,0.387389826338729,1.69207449156365,0.20425584149842,1.47570612321633
"125","GU1608",104,"6B3Z","6B3I",42.2267,-65.7633,4,"GOM",38,38,17,"5/31/2016",5,31,2016,152,"16:24",224,"Spring",9.47,31.029,NA,NA,4.14,0.26,0.630427875025024,1.67171030953128,0.20425584149842,1.4868113629242
"126","GU1701",93,"6B3Z","6B3I",41.5783,-69.665,4,"GOM",33,33,18,"5/31/2017",5,31,2017,151,"0:15",38,"Spring",9.87,31.538,6.04,32.023,1.12,0.26,0.0969100130080564,1.56320075395348,0.20425584149842,1.52065409939212
"127","HB1802",6339,"6B3Z","6B3I",41.2683,-68.7267,4,"GOM",33,33,18,"5/3/2018",5,3,2018,123,"7:30",77,"Spring",7.06,32.476,6.54,32.878,105.62,0.26,2.02428037604708,1.61763956419237,0.20425584149842,1.56320241100087
"128","HB1901",8195,"6B3Z","6B3I",41.87,-69.6733,4,"GOM",34,34,19,"4/17/2019",4,17,2019,107,"8:49",160,"Spring",5.42,32.641,5.57,33.035,47.71,0.26,1.67979117098035,1.43482902176264,0.20425584149842,1.59589082820068
"129","GU2102",53,"6B3Z","6B3I",41.0767,-69.095,4,"GOM",33,33,18,"5/20/2021",5,20,2021,140,"6:53",88,"Spring",11.28,32.935,7.16,33.02,30.17,0.26,1.48144262850231,1.46910559436661,0.20425584149842,1.55129704876127
"130","AL9807",64,"6B3","",41.6267,-69.1933,4,"GOM",34,34,19,"6/4/1998",6,4,1998,155,"6:45",177,"Summer",11.9,31.058,6.93,33.299,51.07,0.68,1.71104760386703,1.49837950510315,0.0858762295994394,1.49837950510315
"131","AJ9901",40,"6B3Z","6B3I",42.3383,-65.5733,4,"GOM",47,46,26,"6/8/1999",6,8,1999,159,"7:32",102,"Summer",12.07,31.126,11.6,34.951,19.14,0.68,1.2895889525426,1.664805892801,0.0858762295994394,1.58159269895208
"132","AL0005",24,"6B3Z","6B3I",42.3267,-65.715,4,"GOM",47,46,26,"8/25/2000",8,25,2000,238,"3:16",116,"Summer",17.36,32.36,11.41,35.202,9.95,0.68,1.01241537476243,1.62994558590284,0.0858762295994394,1.59771032793566
"133","AL0109",57,"6B3Z","6B3I",43.105,-70.3833,4,"GOM",40,40,22,"8/27/2001",8,27,2001,239,"14:01",89,"Summer",18.19,31.525,5.33,32.352,51.85,0.68,1.71758729685546,1.70365163915561,0.0858762295994394,1.62419565574065
"134","AL0206",91,"6B3Z","6B3I",42.8433,-66.6733,4,"GOM",42,42,24,"6/1/2002",6,1,2002,152,"21:57",192,"Summer",8.59,32.092,9.45,34.582,42.62,0.68,1.6330642726915,1.61484437541801,0.0858762295994394,1.62232539967612
"135","AM0301",14,"6B3Z","6B3I",41.78,-68.6517,4,"GOM",34,34,19,"8/21/2003",8,21,2003,233,"16:56",182,"Summer",21.04,31.669,5.59,33.609,68.52,0.68,1.83796701836865,1.67464859379773,0.0858762295994394,1.65757921741504
"136","AL0405",102,"6B3Z","6B3I",43.1017,-66.48,4,"GOM",47,46,26,"6/5/2004",6,5,2004,157,"18:23",106,"Summer",5.44,32.063,4.64,32.556,24.81,0.68,1.40053798939195,1.64278268676067,0.0858762295994394,1.65317457620697
"137","AL0505",99,"6B3Z","6B3I",42.4317,-65.515,4,"GOM",47,46,26,"6/4/2005",6,4,2005,155,"19:26",100,"Summer",7.51,31.494,4.19,32.624,34.26,0.68,1.53907609879278,1.4163077154734,0.0858762295994394,1.61044700212108
"138","AL0605",61,"6B3Z","6B3I",41.6333,-69.4833,4,"GOM",33,33,18,"6/8/2006",6,8,2006,159,"4:24",99,"Summer",11.1,31.385,5.42,32.532,10.47,0.68,1.03382569395331,1.50842653994758,0.0858762295994394,1.57140198227948
"139","DE0706",121,"6B3Z","6B3I",43.56,-68.9433,4,"GOM",41,41,23,"6/4/2007",6,4,2007,155,"4:52",113,"Summer",8.23,31.866,4.46,32.627,33,0.68,1.52296559549199,1.65186693805402,0.0858762295994394,1.57880649480668
"140","DE0808",115,"6B3Z","6B3I",43.2217,-67.585,4,"GOM",42,42,24,"8/24/2008",8,24,2008,237,"12:10",211,"Summer",17.51,32.127,7.24,34.191,62.87,0.68,1.80078579032776,1.63508625276962,0.0858762295994394,1.57089402660106
"141","DE0905",110,"6B3Z","6B3I",43.4067,-67.7033,4,"GOM",42,42,24,"6/9/2009",6,9,2009,160,"4:42",250,"Summer",10.19,32.065,NA,NA,47.61,0.68,1.68078861150668,1.54194786695376,0.0858762295994394,1.55072706263968
"142","DE1004",100,"6B3Z","6B3I",41.355,-68.58,4,"GOM",33,33,18,"6/5/2010",6,5,2010,156,"9:06",78,"Summer",11.91,32.148,7.79,32.344,38.56,0.68,1.58994960132571,1.48489806115668,0.0858762295994394,1.56444513177633
"143","DE1105",112,"6B3","6B3",42.2233,-65.7683,4,"GOM",38,38,17,"6/12/2011",6,12,2011,163,"13:50",226,"Summer",11.82,32.469,NA,NA,6.44,0.68,0.831229693867063,1.66143514122348,0.0858762295994394,1.59504685203151
"144","HB1202",94,"6B3Z","6B3I",41.1667,-68.785,4,"GOM",33,33,18,"6/13/2012",6,13,2012,165,"16:56",79,"Summer",10.88,32.568,9.06,32.634,18.1,0.68,1.26576091671761,1.63047652114605,0.0858762295994394,1.59076876864992
"145","EX1305",7,"6B3Z","6B3I",41.1483,-69.4,4,"GOM",33,33,18,"8/25/2013",8,25,2013,237,"17:39",40,"Summer",13.77,31.901,13.29,31.938,54.41,0.68,1.73838412351216,1.67500568105349,0.0858762295994394,1.59875265430669
"146","HB1502",137,"6B3Z","6B3I",43.2533,-68.2533,4,"GOM",42,42,24,"6/1/2015",6,1,2015,152,"2:02",198,"Summer",8.46,32.284,6.91,33.873,74.25,0.68,1.87268060715193,1.74443000857281,0.0858762295994394,1.6392490826305
"147","GU1608",121,"6B3Z","6B3I",41.1617,-68.7533,4,"GOM",33,33,18,"6/2/2016",6,2,2016,154,"5:52",60,"Summer",9.6,32.704,7.92,32.744,25.62,0.68,1.41430468812833,1.70051102929985,0.0858762295994394,1.68237167625914
"148","GU1701",137,"6B3Z","6B3I",43.5767,-68.9967,4,"GOM",41,41,23,"6/4/2017",6,4,2017,155,"10:30",120,"Summer",9.11,31.219,4.92,32.448,24.14,0.68,1.38881141347352,1.56625988662994,0.0858762295994394,1.66333662534043
"149","HB1803",86,"6B3Z","6B3I",41.3783,-68.5617,4,"GOM",33,33,18,"6/1/2018",6,1,2018,152,"15:29",83,"Summer",11.58,32.067,5.62,32.753,17.88,0.68,1.26054837263698,1.71657006214546,0.0858762295994394,1.68055533354031
"150","GU1902",99,"6B3Z","6B3I",41.6533,-68.675,4,"GOM",34,34,19,"8/26/2019",8,26,2019,238,"17:04",152,"Summer",17.06,32.696,7.01,33.567,74.32,0.68,1.87308798559029,1.58262253170204,0.0858762295994394,1.66207870367002
"151","PC2104",76,"6B3Z","6B3I",42.4067,-65.5883,4,"GOM",47,46,26,"8/12/2021",8,12,2021,224,"15:14",93,"Summer",18.29,31.29,10.78,34.175,14.1,0.68,1.15956719323362,1.62672885573004,0.0858762295994394,1.63853847310147
"152","AL9802",1,"6B3","",41.785,-70.43,4,"GOM",35,35,21,"1/24/1998",1,24,1998,24,"22:23",22,"Winter",3.57,31.603,3.56,31.619,15.08,0.4,1.18412335423967,1.16441054241531,0.215553904253071,1.16441054241531
"153","DE9901",26,"6B3","",42.85,-70.1667,4,"GOM",36,36,21,"1/25/1999",1,25,1999,25,"20:42",60,"Winter",5.37,32.785,5.85,32.935,18.11,0.4,1.2626883443017,1.41291095820401,0.215553904253071,1.28866075030966
"154","AL0202",43,"6B3Z","6B3I",42.7417,-68.2917,4,"GOM",38,38,17,"1/30/2002",1,30,2002,30,"1:45",156,"Winter",6.48,33.035,7.67,34.17,44.3,0.4,1.64836001098093,1.25174641151306,0.215553904253071,1.2763559707108
"155","DE0301",1,"6B3Z","6B3I",42.48,-70.6033,4,"GOM",36,36,21,"1/23/2003",1,23,2003,23,"13:21",76,"Winter",4.35,33.09,4.38,33.096,32.46,0.4,1.51401618040065,1.10095340799383,0.215553904253071,1.23250533003155
"156","AL0401",1,"6B3Z","6B3I",41.295,-69.4283,4,"GOM",33,33,18,"1/25/2004",1,25,2004,25,"22:41",41,"Winter",3.83,33.064,3.83,33.066,5.3,0.4,0.740362689494244,1.53046849694958,0.215553904253071,1.29209796341516
"157","DE0501",1,"6B3Z","6B3I",41.8967,-70.18,4,"GOM",35,35,21,"1/26/2005",1,26,2005,26,"4:51",24,"Winter",-0.53,31.11,1.43,31.406,7.76,0.4,0.900913067737669,1.24955836501404,0.215553904253071,1.3091275279349
"158","DE0602",30,"6B3Z","6B3I",42.1033,-68.0867,4,"GOM",38,38,17,"1/29/2006",1,29,2006,29,"23:45",218,"Winter",6.36,32.834,NA,NA,22.99,0.4,1.36530074863799,1.03713326016126,0.215553904253071,1.23397198832635
"159","DE0701",21,"6B3Z","6B3I",44.09,-67.2417,4,"GOM",43,43,25,"2/2/2007",2,2,2007,33,"6:01",205,"Winter",6.25,33.133,8.58,34.24,32.66,0.4,1.51666755909904,1.18006241543835,0.215553904253071,1.21963518911141
"160","DE0802",70,"6B3Z","6B3I",42.22,-65.775,4,"GOM",38,38,17,"2/4/2008",2,4,2008,35,"13:38",223,"Winter",3.93,32.26,NA,NA,3.61,0.4,0.580924975675619,1.31626651097361,0.215553904253071,1.26269780970737
"161","DE0902",108,"6B3Z","6B3I",42.7683,-69.0683,4,"GOM",41,41,23,"2/10/2009",2,10,2009,41,"11:45",171,"Winter",4.94,33.159,6.8,33.766,20.7,0.4,1.32014628611105,1.2241943786865,0.215553904253071,1.20144298605475
"162","DE1001",62,"6B3Z","6B3I",42.22,-65.7767,4,"GOM",38,38,17,"2/14/2010",2,14,2010,45,"21:48",224,"Winter",2.86,31.932,8.79,35.157,10.02,0.4,1.00945089579869,0.820980441384482,0.215553904253071,1.11572740132884
"163","DE1102",60,"6B3","6B3",41.685,-69.815,4,"GOM",33,33,18,"2/8/2011",2,8,2011,39,"14:48",36,"Winter",4.09,32.163,4.03,32.199,1.38,0.4,0.198657086954423,0.712236180235898,0.215553904253071,1.05074798534377
"164","DE1202",68,"6B3","6B3",42.0367,-70.5067,4,"GOM",35,35,21,"2/11/2012",2,11,2012,42,"21:07",46,"Winter",5.12,32.01,5.44,32.098,5.79,0.4,0.777426822389311,0.99032668012303,0.215553904253071,1.01280083828071
"165","PC1301",73,"6B3Z","6B3I",41.34,-69.4733,4,"GOM",33,33,18,"2/17/2013",2,17,2013,48,"3:43",34,"Winter",6.08,33.302,6.08,33.3,3.29,0.4,0.54282542695918,0.735041461252647,0.215553904253071,0.896555828336512
"166","HB1701",97,"6B3Z","6B3I",42.2183,-65.7617,4,"GOM",38,38,17,"2/21/2017",2,21,2017,52,"0:46",229,"Winter",3.59,31.961,NA,NA,6.05,0.4,0.795880017344075,1.10700414435695,0.215553904253071,0.873117781470602
"167","DE9813",46,"6B3","",40.8183,-71.985,2,"MAB",20,20,10,"11/8/1998",11,8,1998,312,"9:11",39,"Fall",11.82,31.634,11.82,31.654,21.6,0.16,1.33605927786635,1.09675308697124,0.0754359203969084,1.09675308697124
"168","AL9910",82,"6B3Z","6B3I",38.8333,-74.825,1,"MAB",12,12,6,"9/29/1999",9,29,1999,272,"1:42",15,"Fall",21.3,31.389,21.23,31.479,21.71,0.16,1.33825723024626,1.17838711025476,0.0754359203969084,1.137570098613
"169","AL0006",160,"6B3Z","6B3I",40.165,-70.9933,2,"MAB",18,18,9,"9/22/2000",9,22,2000,266,"14:48",135,"Fall",19.34,33.11,13.24,35.753,8.59,0.16,0.93801909747621,1.22504931923058,0.0754359203969084,1.16672983881886
"170","AL0110",81,"6B3Z","6B3I",38.38,-74.7517,1,"MAB",8,8,5,"9/12/2001",9,12,2001,255,"13:02",28,"Fall",24.19,32.16,11.04,32.512,15.89,0.16,1.20330491613848,1.17436617310856,0.0754359203969084,1.16863892239129
"171","AL0210",190,"6B3Z","6B3I",40.2,-69.0517,2,"MAB",22,22,11,"10/5/2002",10,5,2002,278,"0:39",141,"Fall",22.7,35.266,12.67,35.688,6.91,0.16,0.844477175745681,1.1752030670928,0.0754359203969084,1.16995175133159
"172","AL0305",3,"6B3Z","6B3I",39.8583,-71.8767,2,"MAB",14,14,7,"9/8/2003",9,8,2003,251,"5:45",146,"Fall",23.87,32.739,12.1,35.355,14.04,0.16,1.14983469671578,1.27558105970038,0.0754359203969084,1.20571734587741
"173","AL0409",5,"6B3Z","6B3I",37.2817,-74.75,1,"MAB",4,4,1,"9/11/2004",9,11,2004,255,"11:13",57,"Fall",23.28,31.948,6.63,32.934,36.68,0.16,1.56537550271407,1.09150718536401,0.0754359203969084,1.18834136089926
"174","AL0508",163,"6B3Z","6B3I",40.1533,-71.48,2,"MAB",19,19,9,"10/4/2005",10,4,2005,277,"9:45",86,"Fall",19.87,32.864,11.5,34.148,19.89,0.16,1.3003780648707,1.1152415845366,0.0754359203969084,1.16637981396047
"175","AL0608",365,"6B3Z","6B3I",41.3567,-69.5817,2,"MAB",25,25,12,"10/25/2006",10,25,2006,298,"20:00",29,"Fall",12.49,32.212,12.49,32.212,1.68,0.16,0.24551266781415,1.23381014135828,0.0754359203969084,1.17826860761041
"176","AL0707",48,"6B3Z","6B3I",40.1533,-74,1,"MAB",13,13,6,"9/18/2007",9,18,2007,261,"16:23",15,"Fall",NA,NA,NA,NA,36.81,0.16,1.5669086552268,1.16140835281752,0.0754359203969084,1.17550966475536
"177","AL0803",161,"6B3Z","6B3I",40.99,-71.1417,2,"MAB",20,20,10,"9/25/2008",9,25,2008,269,"1:06",52,"Fall",18.58,32.312,12.61,32.504,21.23,0.16,1.3285834497142,1.21145735844136,0.0754359203969084,1.16268492450355
"178","DE0911",1,"6B3Z","6B3I",41.0167,-71.0817,2,"MAB",20,20,10,"11/3/2009",11,3,2009,307,"17:15",44,"Fall",13.26,32.121,13,32.465,3.14,0.16,0.507855871695831,1.06365988529127,0.0754359203969084,1.15711546448901
"179","DE1009",85,"6B3Z","6B3I",40.69,-70.9783,2,"MAB",19,19,9,"9/1/2010",9,1,2010,244,"1:27",64,"Fall",22.45,33.129,9.46,33.108,32.87,0.16,1.51785541893003,1.05024195785399,0.0754359203969084,1.14411553915249
"180","DE1109",27,"6B3","6B3",37.0533,-74.6817,1,"MAB",4,4,1,"11/8/2011",11,8,2011,312,"17:03",88,"Fall",15.15,32.58,15.06,33.722,9.81,0.16,0.995196291597179,1.06199069280375,0.0754359203969084,1.10975164944158
"181","HB1206",1146,"6B3Z","6B3I",40.57,-73.18,2,"MAB",17,17,8,"9/19/2012",9,19,2012,263,"18:20",24,"Fall",19.84,31.475,16.68,32.037,7.23,0.16,0.863917376957861,0.989202385838488,0.0754359203969084,1.07531045604577
"182","EX1305",79,"6B3Z","6B3I",41.33,-71.005,2,"MAB",20,20,10,"9/5/2013",9,5,2013,248,"0:47",28,"Fall",19.28,31.687,14.62,32.28,25.35,0.16,1.40534636017571,1.24972761635072,0.0754359203969084,1.08296450762764
"183","HB1405",6014,"6B3Z","6B3I",40.5617,-72.9383,2,"MAB",16,16,8,"9/25/2014",9,25,2014,268,"15:21",30,"Fall",19.65,32.69,18.62,33.32,5.12,0.16,0.716003343634799,1.09168994938361,0.0754359203969084,1.08857052044611
"184","GU1506",22,"6B3Z","6B3I",39.2467,-73.5917,1,"MAB",11,11,5,"10/14/2015",10,14,2015,287,"19:34",47,"Fall",18.46,33.805,18.43,34.444,32.61,0.16,1.51441492058037,1.13293056855958,0.0754359203969084,1.10510824258723
"185","HB1604",2025,"6B3Z","6B3I",38.77,-73.055,1,"MAB",10,10,4,"9/9/2016",9,9,2016,253,"21:58",176,"Fall",22.64,34.668,13.17,35.67,11.02,0.16,1.04532297878666,1.1023368410005,0.0754359203969084,1.11317747222658
"186","GU1706",30,"6B3Z","6B3I",40.4983,-69.0783,2,"MAB",23,23,11,"11/4/2017",11,4,2017,308,"2:50",78,"Fall",14.83,32.637,11.67,33.098,19.46,0.16,1.29092455938275,1.10792457950014,0.0754359203969084,1.13692191095891
"187","HB1806",6762,"6B3Z","6B3I",37.3967,-74.7617,1,"MAB",5,5,2,"9/6/2018",9,6,2018,249,"21:29",47,"Fall",28.54,31.552,8.42,32.844,11.35,0.16,1.05804623039528,1.27036246757394,0.0754359203969084,1.14104888120356
"188","GU1905",12,"6B3Z","6B3I",39.82,-73.7417,1,"MAB",11,11,5,"10/18/2019",10,18,2019,291,"9:51",26,"Fall",17.7,32.189,17.72,32.202,5.19,0.16,0.721810615212547,1.19938020447392,0.0754359203969084,1.16258693222162
"189","HB2103",3083,"6B3Z","6B3I",39.9017,-71.63,2,"MAB",18,18,9,"9/26/2021",9,26,2021,269,"10:46",203,"Fall",23.48,34.825,12.66,35.628,10.43,0.16,1.02160271602824,1.14630022540727,0.0754359203969084,1.16526086359115
"190","AL9804",175,"6B3","",41.0583,-70.1517,2,"MAB",25,25,12,"3/23/1998",3,23,1998,82,"4:41",26,"Spring",NA,NA,NA,NA,5.52,0.17,0.748575616930992,1.28028328747123,0.12765307461049,1.28028328747123
"191","AL9903",180,"6B3","",40.3483,-69.2033,2,"MAB",23,23,11,"3/31/1999",3,31,1999,90,"18:31",82,"Spring",5.99,32.79,6.57,33.14,15.77,0.17,1.20016624636311,1.08607190292215,0.12765307461049,1.18317759519669
"192","AL0002",34,"6B3Z","6B3I",35.7267,-74.935,1,"MAB",1,1,1,"3/20/2000",3,20,2000,80,"0:34",57,"Spring",13.15,35.465,9.93,34.858,29.97,0.17,1.47791673230464,1.215779863021,0.12765307461049,1.19404501780479
"193","AL0103",9,"6B3Z","6B3I",39.1717,-73.1667,1,"MAB",10,10,4,"3/1/2001",3,1,2001,60,"1:56",65,"Spring",6.75,33.387,6.77,33.389,27.15,0.17,1.43512737960915,1.33816157587909,0.12765307461049,1.23007415732337
"194","AL0203",156,"6B3Z","6B3I",40.7567,-69.0817,2,"MAB",23,23,11,"3/2/2002",3,2,2002,61,"0:13",72,"Spring",6.05,32.912,6.02,32.93,19.96,0.17,1.30200606058654,1.20859009947382,0.12765307461049,1.22577734575346
"195","DE0302",103,"6B3Z","6B3I",40.9167,-70.2833,2,"MAB",24,24,12,"3/1/2003",3,1,2003,60,"0:18",40,"Spring",2.09,33.088,2.1,33.079,27.71,0.17,1.44396667837458,1.16295185889451,0.12765307461049,1.20231106003811
"196","AL0403",192,"6B3Z","6B3I",40.7067,-69.2033,2,"MAB",23,23,11,"4/1/2004",4,1,2004,92,"5:41",62,"Spring",4.2,33.143,4.18,33.169,273.19,0.17,2.43659990297453,1.34761563256224,0.12765307461049,1.25461980596613
"197","AL0503",79,"6B3Z","6B3I",39.3367,-72.5417,2,"MAB",14,14,7,"3/17/2005",3,17,2005,76,"3:03",132,"Spring",5.64,33.044,11.61,35.279,37.47,0.17,1.57466776631623,1.27735558699432,0.12765307461049,1.2669349507608
"198","AL0602",131,"6B3Z","6B3I",40.63,-69.3967,2,"MAB",24,24,12,"3/2/2006",3,2,2006,61,"0:18",48,"Spring",4.14,32.613,4.17,32.615,8.78,0.17,0.947678739936937,1.05070270734192,0.12765307461049,1.20944317705336
"199","AL0702",136,"6B3Z","6B3I",40.6067,-69.025,2,"MAB",23,23,11,"3/1/2007",3,1,2007,60,"16:46",67,"Spring",5.34,32.928,4.91,33.051,8.88,0.17,0.952550293898202,1.21979213037829,0.12765307461049,1.21168358323426
"200","AL0801",343,"6B3Z","6B3I",40.935,-69.5067,2,"MAB",25,25,12,"5/3/2008",5,3,2008,124,"4:10",45,"Spring",6.55,32.452,6.57,32.453,10.14,0.17,1.00966331667938,1.12867358201086,0.12765307461049,1.20482792785753
"201","DE0905",1,"6B3Z","6B3I",40.9833,-70.8767,2,"MAB",20,20,10,"5/27/2009",5,27,2009,147,"23:23",52,"Spring",11.54,32.285,7.1,32.485,7.84,0.17,0.898999270889789,1.1787443636857,0.12765307461049,1.17105367408222
"202","DE1004",9,"6B3Z","6B3I",40.1867,-71.75,2,"MAB",19,19,9,"5/27/2010",5,27,2010,147,"13:15",81,"Spring",12.32,32.13,9.24,33.984,71.73,0.17,1.85621516481121,0.929298231444115,0.12765307461049,1.10144220297218
"203","HB1102",3,"6B3","6B3",38.425,-73.7683,1,"MAB",7,7,4,"3/3/2011",3,3,2011,62,"20:16",67,"Spring",6.99,33.434,7.19,33.5,7.12,0.17,0.857633985150008,0.987515620688699,0.12765307461049,1.08880478564153
"204","HB1201",602,"6B3Z","6B3I",38.72,-73.705,1,"MAB",11,11,5,"3/1/2012",3,1,2012,61,"18:38",58,"Spring",8.81,33.095,9.13,33.621,5.37,0.17,0.736794754924361,1.09628041430284,0.12765307461049,1.06410244242644
"205","HB1301",2562,"6B3Z","6B3I",38.45,-73.39,1,"MAB",7,7,4,"3/15/2013",3,15,2013,74,"17:09",116,"Spring",7.1,33.649,12.66,35.518,5.11,0.17,0.715585551893196,0.938386168139627,0.12765307461049,1.0260449596522
"206","HB1401",4880,"6B3Z","6B3I",38.3833,-73.9583,1,"MAB",7,7,4,"4/2/2014",4,2,2014,92,"18:54",61,"Spring",8.58,33.999,7.6,34.007,24.25,0.17,1.38623135057953,1.29408057281025,0.12765307461049,1.04911220147711
"207","HB1501",7682,"6B3Z","6B3I",39.7433,-73.1933,2,"MAB",16,16,8,"3/30/2015",3,30,2015,89,"12:37",44,"Spring",6.11,33.887,6.11,33.891,7.16,0.17,0.860038389807193,1.01252009183916,0.12765307461049,1.06575657355612
"208","GU1608",29,"6B3Z","6B3I",37.0833,-74.9117,1,"MAB",5,5,2,"5/24/2016",5,24,2016,145,"10:12",50,"Spring",12.77,33.177,10.71,33.538,8.22,0.17,0.919339636787413,1.10757895251483,0.12765307461049,1.08976923992134
"209","GU1701",46,"6B3Z","6B3I",37.3317,-74.6667,1,"MAB",4,4,1,"5/20/2017",5,20,2017,140,"18:49",72,"Spring",15.89,33.223,8.76,34.017,38.16,0.17,1.58257466525831,1.10656238527318,0.12765307461049,1.09182563411541
"210","HB1802",6197,"6B3Z","6B3I",40.9983,-70.355,2,"MAB",24,24,12,"5/1/2018",5,1,2018,121,"23:17",40,"Spring",8.24,32.79,6.97,32.948,21.09,0.17,1.32582341900274,1.20818848205997,0.12765307461049,1.14578609689948
"211","HB1901",8288,"6B3Z","6B3I",40.635,-70.5367,2,"MAB",23,23,11,"4/11/2019",4,11,2019,101,"23:12",62,"Spring",6.03,32.774,NA,NA,13.32,0.17,1.1272668183189,0.987865770191706,0.12765307461049,1.08454313637577
"212","HB2001",2712,"6B3Z","6B3I",39.0717,-72.8133,1,"MAB",10,10,4,"3/15/2020",3,15,2020,75,"2:07",116,"Spring",8.38,33.254,13.71,35.476,11.38,0.17,1.05937405906596,0.884039172194013,0.12765307461049,1.05884695244674
"213","GU2102",5,"6B3Z","6B3I",40.1583,-71.0833,2,"MAB",18,18,9,"5/15/2021",5,15,2021,135,"6:44",142,"Spring",10.76,32.776,13.88,35.746,46.24,0.17,1.66581542799094,0.998111622191214,0.12765307461049,1.03695348638201
"214","AL9807",53,"6B3","",39.9733,-70.0517,2,"MAB",22,22,11,"6/1/1998",6,1,1998,152,"11:04",184,"Summer",NA,NA,NA,NA,54.6,0.29,1.73834446010449,1.50160685955696,0.0910292240665123,1.50160685955696
"215","IS9901",1,"6B3Z","6B3I",41.2433,-70.79,2,"MAB",25,25,12,"8/21/1999",8,21,1999,233,"18:30",21,"Summer",19.99,31.953,19.97,31.956,9.44,0.29,0.981592117214081,1.2320898984095,0.0910292240665123,1.36684837898323
"216","NS0201",1,"6B3Z","6B3I",39.0833,-72.855,1,"MAB",10,10,4,"8/14/2002",8,14,2002,226,"9:20",94,"Summer",NA,NA,NA,NA,51.16,0.29,1.71015969194601,1.33792773026925,0.0910292240665123,1.35720816274524
"217","AL0405",70,"6B3Z","6B3I",40.975,-71.5083,2,"MAB",20,20,10,"6/1/2004",6,1,2004,153,"0:20",51,"Summer",13.11,32.612,5.78,33.085,55.01,0.29,1.74158488892454,1.33389256927892,0.0910292240665123,1.35137926437866
"218","AL0505",65,"6B3Z","6B3I",41.555,-69.7467,2,"MAB",25,25,12,"6/1/2005",6,1,2005,152,"22:45",27,"Summer",8.46,30.364,8.39,30.39,3.25,0.29,0.530839778616521,1.37450398368591,0.0910292240665123,1.35600420824011
"219","AL0605",54,"6B3Z","6B3I",40.3417,-69.75,2,"MAB",23,23,11,"6/6/2006",6,6,2006,157,"13:31",74,"Summer",13.44,32.555,9.1,33.513,18.5,0.29,1.27056238769733,1.30405856150082,0.0910292240665123,1.31649454862888
"220","DE0709",1,"6B3Z","6B3I",41.2317,-71.0333,2,"MAB",20,20,10,"8/15/2007",8,15,2007,227,"2:08",38,"Summer",18.81,31.919,12.2,32.445,33.14,0.29,1.52224856128769,1.27648651316176,0.0910292240665123,1.32537387157933
"221","DE0808",51,"6B3Z","6B3I",39.615,-74.175,1,"MAB",13,13,6,"8/18/2008",8,18,2008,231,"8:43",16,"Summer",22.48,29.835,17.44,31.176,4.4,0.29,0.657533887557986,1.38594336068639,0.0910292240665123,1.33497699766276
"222","DE0905",36,"6B3Z","6B3I",38.2233,-74.71,1,"MAB",8,8,5,"6/1/2009",6,1,2009,152,"1:04",33,"Summer",18.18,31.319,10.3,32.687,3.89,0.29,0.605843539058089,1.25819136361086,0.0910292240665123,1.31983675652915
"223","DE1004",103,"6B3Z","6B3I",41.27,-69.5083,2,"MAB",25,25,12,"6/5/2010",6,5,2010,156,"14:58",26,"Summer",9.73,31.818,9.45,31.863,3.31,0.29,0.538448051710217,1.42040036791998,0.0910292240665123,1.32901603337596
"224","DE1105",67,"6B3","6B3",40.3517,-69.645,2,"MAB",23,23,11,"6/9/2011",6,9,2011,160,"1:43",72,"Summer",15.16,32.276,7.75,32.532,33.61,0.29,1.52833811232484,1.31230357168072,0.0910292240665123,1.33066503541194
"225","HB1202",97,"6B3Z","6B3I",40.5633,-68.875,2,"MAB",23,23,11,"6/13/2012",6,13,2012,165,"23:50",71,"Summer",14.05,32.855,10.23,32.923,19.62,0.29,1.29589681867899,1.17909861108528,0.0910292240665123,1.31118745499665
"226","EX1305",2,"6B3Z","6B3I",40.745,-70.1633,2,"MAB",24,24,12,"8/25/2013",8,25,2013,237,"6:49",40,"Summer",16.83,32.515,13.44,32.629,40.87,0.29,1.61294271588699,1.32357340134063,0.0910292240665123,1.2987134631275
"227","GU1608",208,"6B3Z","6B3I",40.6633,-70.9183,2,"MAB",19,19,9,"6/15/2016",6,15,2016,167,"8:11",68,"Summer",13.89,32.42,8.83,33.292,5.95,0.29,0.784973709954401,1.10547713912258,0.0910292240665123,1.26817061822984
"228","GU1701",149,"6B3Z","6B3I",41.1633,-71.0017,2,"MAB",20,20,10,"6/6/2017",6,6,2017,157,"0:34",37,"Summer",11.75,31.655,9.81,32.084,13.81,0.29,1.14472984082465,1.14167831554159,0.0910292240665123,1.21242620775416
"229","GU1804",4,"6B3Z","6B3I",40.9967,-71.085,2,"MAB",20,20,10,"8/23/2018",8,23,2018,235,"5:51",49,"Summer",19.8,32.12,11.53,32.61,17.73,0.29,1.25224605047312,1.38184869934367,0.0910292240665123,1.22633523328675
"230","GU1902",97,"6B3Z","6B3I",40.835,-69.0733,2,"MAB",23,23,11,"8/26/2019",8,26,2019,238,"9:09",71,"Summer",19.6,33.337,13.71,33.741,30.45,0.29,1.48565045753267,1.35154946520457,0.0910292240665123,1.26082540411061
"231","PC2104",27,"6B3Z","6B3I",39.9983,-72.5083,2,"MAB",15,15,7,"8/8/2021",8,8,2021,220,"8:18",65,"Summer",22.96,32.664,9.27,33.435,29.37,0.29,1.47004278755721,1.46538940630154,0.0910292240665123,1.28918860510279
"232","AL9803",6,"6B3","",39.3683,-73.0333,1,"MAB",10,10,4,"2/9/1998",2,9,1998,40,"8:53",62,"Winter",6.26,32.449,6.23,32.443,7.52,0.17,0.881099218389017,0.881099218389017,0.122650087190004,0.881099218389017
"233","AL9902",73,"6B3","",39.965,-73.5033,2,"MAB",16,16,8,"2/9/1999",2,9,1999,40,"12:41",42,"Winter",6.86,32.32,6.87,32.321,7.08,0.17,0.855216194733363,0.736047660875028,0.122650087190004,0.808573439632023
"234","AL0001",5,"6B3Z","6B3I",39.4217,-72.895,2,"MAB",15,15,7,"2/10/2000",2,10,2000,41,"22:19",67,"Winter",10.99,35.276,9.54,35.028,3.16,0.17,0.511214701136388,0.782994431721511,0.122650087190004,0.800047103661852
"235","AL0102",57,"6B3Z","6B3I",37.5067,-75.2667,1,"MAB",5,5,2,"2/5/2001",2,5,2001,36,"9:39",27,"Winter",5.22,32.834,5.71,33.373,8.62,0.17,0.93976877545335,0.889785282836071,0.122650087190004,0.822481648455407
"236","AL0203",68,"6B3Z","6B3I",40.9467,-71.465,2,"MAB",20,20,10,"2/20/2002",2,20,2002,51,"5:47",55,"Winter",6.57,33.099,6.61,33.111,7.65,0.17,0.888460318035386,1.01085717890624,0.122650087190004,0.860156754545573
"237","DE0302",39,"6B3Z","6B3I",36.3817,-75.375,1,"MAB",2,2,2,"2/12/2003",2,12,2003,43,"2:45",28,"Winter",6.78,34.157,6.79,34.155,3.95,0.17,0.605843539058089,0.69297698952019,0.122650087190004,0.822532308771807
"238","AL0402",1,"6B3Z","6B3I",39.2367,-72.4133,2,"MAB",14,14,7,"2/5/2004",2,5,2004,36,"0:17",245,"Winter",9.3,34.595,NA,NA,2.54,0.17,0.419129307741976,0.994939259143555,0.122650087190004,0.874310628425513
"239","AL0502",40,"6B3Z","6B3I",40.9667,-71.5533,2,"MAB",20,20,10,"2/16/2005",2,16,2005,47,"10:57",51,"Winter",3.48,31.487,3.74,32.078,10.8,0.17,1.03682843337711,0.861642798494712,0.122650087190004,0.890040301780153
"240","AL0602",47,"6B3Z","6B3I",37.6817,-74.7183,1,"MAB",5,5,2,"2/13/2006",2,13,2006,44,"9:06",50,"Winter",8.71,33.093,8.82,33.137,16.31,0.17,1.21471142100538,1.02638988190252,0.122650087190004,0.917361221593443
"241","AL0702",114,"6B3Z","6B3I",40.4733,-71.6367,2,"MAB",19,19,9,"2/27/2007",2,27,2007,58,"4:55",76,"Winter",6.64,33.387,6.58,33.542,5.12,0.17,0.716420733846555,0.980052607365935,0.122650087190004,0.911200307285383
"242","DE0802",1,"6B3Z","6B3I",41.3933,-71.41,2,"MAB",21,21,10,"1/23/2008",1,23,2008,23,"1:04",33,"Winter",5.25,31.725,6.03,32.144,2.56,0.17,0.422425676371205,0.823266352696194,0.122650087190004,0.937258179920583
"243","DE0902",1,"6B3Z","6B3I",41.2283,-71.0817,2,"MAB",20,20,10,"1/26/2009",1,26,2009,26,"22:23",41,"Winter",3.8,32.436,5.49,32.861,11.77,0.17,1.07390155831421,0.922981356800065,0.122650087190004,0.922866599451886
"244","DE1001",1,"6B3Z","6B3I",41.3117,-70.8467,2,"MAB",25,25,12,"2/2/2010",2,2,2010,33,"22:06",27,"Winter",2.4,32.253,2.48,32.306,2.17,0.17,0.353146546213979,0.723233950817539,0.122650087190004,0.895184829916451
"245","DE1102",9,"6B3","6B3",40.535,-72.415,2,"MAB",16,16,8,"2/2/2011",2,2,2011,33,"9:07",48,"Winter",4.51,32.285,5.41,32.642,6.38,0.17,0.810568529216413,0.648671428293038,0.122650087190004,0.819641139194554
"246","DE1202",69,"6B3","6B3",41.2517,-71.2467,2,"MAB",20,20,10,"2/12/2012",2,12,2012,43,"4:26",39,"Winter",8.01,32.546,7.98,32.536,7.82,0.17,0.897901874268228,0.877009270510499,0.122650087190004,0.799032471823467
"247","PC1301",104,"6B3Z","6B3I",40.5983,-69.2383,2,"MAB",23,23,11,"2/24/2013",2,24,2013,55,"4:00",55,"Winter",6.98,33.503,6.99,33.512,4.32,0.17,0.643945912748067,0.821321179662002,0.122650087190004,0.798643437216629
"248","HB1701",21,"6B3Z","6B3I",37.4967,-75.5017,1,"MAB",6,6,3,"2/13/2017",2,13,2017,44,"22:37",15,"Winter",6.56,32.746,6.58,32.753,1.25,0.17,0.125481265700594,0.655382403087154,0.122650087190004,0.745123646474046
