"","cruise_name","station","zoo_gear","ich_gear","lat","lon","region","region_name","strata_47","strata_46","strata_26","date","month","day","year","doy","time","depth","season","sfc_temp","sfc_salt","btm_temp","btm_salt","cluhar_10m2","scosco_10m2","pepspp_10m2","ammspp_10m2","fishsum","min_nonzero","log10_FF","log_mean_FF","sd_FF","runMean_FF"
"1","AL9910",186,"6B3Z","6B3I",40.8533,-68.6567,3,"GB",30,30,16,"10/13/1999",10,13,1999,286,"2:44",58,"Fall",15.99,32.669,15.83,32.72,10.04,0,0,0,10.04,0.93,1.02139605674197,1.61749442183466,0.56925180209717,1.61749442183466
"2","AL0006",190,"6B3Z","6B3I",40.3033,-68.3233,3,"GB",26,26,13,"9/25/2000",9,25,2000,269,"13:41",145,"Fall",17.66,32.502,11.94,35.473,0,0,0,0,0,0.93,-0.332547047110046,1.67557385447363,0.56925180209717,1.64653413815415
"3","AL0110",192,"6B3Z","6B3I",40.2617,-68.5433,3,"GB",26,26,13,"9/26/2001",9,26,2001,269,"18:35",140,"Fall",22.5,34.785,11.88,35.523,0,0,0,0,0,0.93,-0.332547047110046,1.0121917401337,0.56925180209717,1.43508667214733
"4","AL0210",189,"6B3Z","6B3I",40.53,-68.68,3,"GB",27,27,14,"10/4/2002",10,4,2002,277,"21:18",69,"Fall",18.88,33.501,13.11,33.766,0,0,0,0,0,0.93,-0.332547047110046,1.15951227518617,0.56925180209717,1.36619307290704
"5","AL0305",96,"6B3Z","6B3I",40.2833,-68.2683,3,"GB",26,26,13,"9/22/2003",9,22,2003,265,"20:04",233,"Fall",23.5,34.568,NA,NA,0,0,0,0,0,0.93,-0.332547047110046,0.999946410975634,0.56925180209717,1.29294374052076
"6","AL0409",177,"6B3Z","6B3I",40.265,-68.7783,3,"GB",27,27,14,"10/6/2004",10,6,2004,280,"8:42",104,"Fall",16.29,32.717,12.95,35.17,0,0,0,0,0,0.93,-0.332547047110046,0.292628163135527,0.56925180209717,1.02797048878093
"7","AL0508",189,"6B3Z","6B3I",40.5133,-68.7267,3,"GB",27,27,14,"10/7/2005",10,7,2005,280,"1:02",70,"Fall",17.76,31.918,12.68,33.432,0,0,0,0,0,0.93,-0.332547047110046,0.375450771865625,0.56925180209717,0.767945872259332
"8","AL0608",191,"6B3Z","6B3I",40.61,-68.7883,3,"GB",27,27,14,"9/28/2006",9,28,2006,271,"6:15",66,"Fall",17.8,32.662,11.2,32.764,0,0,0,0,0,0.93,-0.332547047110046,-0.152306341524464,0.56925180209717,0.535046255927699
"9","AL0707",190,"6B3Z","6B3I",40.9883,-68.8233,3,"GB",27,27,14,"10/6/2007",10,6,2007,279,"2:26",72,"Fall",15.8,32.429,15.55,32.425,0,0,0,0,0,0.93,-0.332547047110046,-0.215759641616474,0.56925180209717,0.25999187256717
"10","DE0810",75,"6B3Z","6B3I",40.11,-68.745,3,"GB",26,26,13,"11/4/2008",11,4,2008,309,"19:49",177,"Fall",22.14,35.737,14.19,35.864,0,0,0,0,0,0.93,-0.332547047110046,0.78394823806925,0.56925180209717,0.216792237985893
"11","DE0911",63,"6B3Z","6B3I",40.7683,-68.685,3,"GB",27,27,14,"11/11/2009",11,11,2009,315,"5:07",63,"Fall",13.25,33.013,16.69,34.836,153.51,0,0,0,153.51,0.93,2.18745021276229,-0.0194624996294637,0.56925180209717,0.154374105432895
"12","DE1012",66,"6B3","6B3",41.0217,-68.5767,3,"GB",30,30,16,"11/14/2010",11,14,2010,318,"23:29",54,"Fall",12.95,32.182,12.63,32.231,18.3,0,0,0,18.3,0.93,1.2733485687491,0.363758462304489,0.56925180209717,0.152035643520667
"13","DE1109",62,"6B3","6B3",40.2533,-68.585,3,"GB",26,26,13,"11/13/2011",11,13,2011,317,"3:05",136,"Fall",15.98,33.808,11.85,35.518,3.13,0,0,0,3.13,0.93,0.555698894718901,1.42862525162466,0.56925180209717,0.468221962150492
"14","HB1206",1189,"6B3Z","6B3I",40.8983,-67.8933,3,"GB",27,27,14,"10/14/2012",10,14,2012,288,"6:42",61,"Fall",16.26,32.646,15.77,32.696,3.36,0,0,0,3.36,0.93,0.582631439489636,0.754124409544141,0.56925180209717,0.662198772382615
"15","GU1305",37,"6B3Z","6B3I",40.415,-68.675,3,"GB",27,27,14,"11/17/2013",11,17,2013,321,"19:09",88,"Fall",12.24,32.803,12.69,34.141,11.32,0,0,0,11.32,0.93,1.07132958686034,1.37627336275645,0.56925180209717,0.780663797320055
"16","HB1405",5789,"6B3Z","6B3I",42.135,-66.605,3,"GB",32,32,17,"10/15/2014",10,15,2014,288,"23:44",91,"Fall",15.72,32.562,8.72,33.075,117.53,0,0,0,117.53,0.93,2.07186360460768,0.579805673065809,0.56925180209717,0.900517431859109
"17","GU1506",75,"6B3Z","6B3I",41.7483,-68.17,3,"GB",31,31,16,"10/21/2015",10,21,2015,294,"8:25",53,"Fall",14.76,32.946,14.73,32.936,131.84,0,0,0,131.84,0.93,2.12157625712308,1.1114606663642,0.56925180209717,1.05005787267105
"18","HB1604",2157,"6B3Z","6B3I",40.4317,-68.4183,3,"GB",27,27,14,"10/17/2016",10,17,2016,291,"2:37",101,"Fall",21.58,35.764,15.19,34.627,0,0,0,0,0,0.93,-0.332547047110046,0.224537343112506,0.56925180209717,0.809240290968621
"19","GU1706",9,"6B3Z","6B3I",41.4183,-68.3333,3,"GB",31,31,16,"11/2/2017",11,2,2017,306,"3:41",54,"Fall",15.06,32.436,14.82,32.522,7.81,0,0,0,7.81,0.93,0.917768002447756,0.599651346875692,0.56925180209717,0.778345678434931
"20","HB1806",6676,"6B3Z","6B3I",41.2433,-66.7617,3,"GB",29,29,15,"10/15/2018",10,15,2018,288,"1:38",75,"Fall",14.11,32.33,NA,NA,21.36,0,0,0,21.36,0.93,1.33895425237761,0.272566945571446,0.56925180209717,0.55760439499793
"21","GU1905",73,"6B3Z","6B3I",40.245,-68.42,3,"GB",26,26,13,"10/26/2019",10,26,2019,299,"10:18",159,"Fall",18.41,34.435,14.59,35.883,0,0,0,0,0,0.93,-0.332547047110046,-0.059590773995877,0.56925180209717,0.429725105585593
"22","HB2103",3000,"6B3Z","6B3I",42.075,-67.13,3,"GB",31,31,16,"10/24/2021",10,24,2021,297,"6:20",57,"Fall",15.82,32.682,15.77,32.688,778.61,0,0,0,778.61,0.93,2.8915792683507,0.0255573858627425,0.56925180209717,0.212544449485302
"23","AL9806",6,"","6B3I",40.42,-68.72,3,"GB",27,27,14,"5/14/1998",5,14,1998,134,"10:19",82,"Spring",6.89,32.146,5.38,32.121,0,0,0,0,0,1.22,-0.214670164989233,0.389408213849339,0.483797772838489,0.389408213849339
"24","AL9904",7,"","6B3I",40.4,-68.74,3,"GB",27,27,14,"5/20/1999",5,20,1999,140,"10:45",68,"Spring",9.39,31.977,NA,NA,0,0,0,0,0,1.22,-0.214670164989233,0.49915396453899,0.483797772838489,0.444281089194165
"25","AL0002",186,"","6B3I",40.425,-68.71,3,"GB",27,27,14,"4/7/2000",4,7,2000,98,"14:45",85,"Spring",7.23,33.133,8.54,34.038,0,0,0,0,0,1.22,-0.214670164989233,-0.153359368953941,0.483797772838489,0.245067603144796
"26","AL0103",174,"6B3Z","6B3I",40.335,-68.6983,3,"GB",27,27,14,"4/2/2001",4,2,2001,92,"12:02",94,"Spring",4.96,32.695,7.83,33.742,0,0,0,0,0,1.22,-0.214670164989233,0.339840003124617,0.483797772838489,0.268760703139751
"27","AL0203",145,"6B3Z","6B3I",40.6833,-67.8683,3,"GB",27,27,14,"3/1/2002",3,1,2002,60,"0:52",80,"Spring",5.52,32.67,5.55,32.685,0,0,0,0,0,1.22,-0.214670164989233,-0.123078060322856,0.483797772838489,0.19039295044723
"28","DE0303",186,"6B3Z","6B3I",40.9033,-68.7333,3,"GB",27,27,14,"4/4/2003",4,4,2003,94,"0:36",64,"Spring",5.13,32.752,5.12,32.719,31.15,0,0,0,31.15,1.22,1.50188049375506,0.167786372251392,0.483797772838489,0.146068582127641
"29","AL0403",191,"6B3Z","6B3I",40.8683,-68.855,3,"GB",27,27,14,"4/1/2004",4,1,2004,92,"3:13",65,"Spring",3.81,32.885,3.78,32.89,6.65,0,0,0,6.65,1.22,0.860936620700094,0.37882418610848,0.483797772838489,0.122002626441539
"30","AL0503",192,"6B3Z","6B3I",40.9567,-68.8517,3,"GB",27,27,14,"4/1/2005",4,1,2005,91,"7:49",63,"Spring",4.1,NA,4.16,NA,0,0,0,46.2,46.2,1.22,1.67033864112744,0.224093103388833,0.483797772838489,0.197493120910093
"31","AL0602",129,"6B3Z","6B3I",40.4233,-68.72,3,"GB",27,27,14,"3/1/2006",3,1,2006,60,"17:59",84,"Spring",5.25,32.504,8.61,33.72,0,0,0,4.2,4.2,1.22,0.682145076373832,0.512944065076842,0.483797772838489,0.232113933300538
"32","AL0703",201,"6B3Z","6B3I",40.2283,-68.7667,3,"GB",26,26,13,"3/31/2007",3,31,2007,90,"2:32",120,"Spring",4.7,32.539,7.4,34.045,0,0,0,0,0,1.22,-0.214670164989233,1.24803031733626,0.483797772838489,0.506335608832361
"33","AL0801",184,"6B3Z","6B3I",40.3333,-68.1967,3,"GB",26,26,13,"4/4/2008",4,4,2008,95,"8:19",157,"Spring",5.06,32.615,11.87,35.363,0,0,0,0,0,1.22,-0.214670164989233,1.54317823940324,0.483797772838489,0.781413982262732
"34","HB0901",208,"6B3Z","6B3I",40.8817,-68.8133,3,"GB",27,27,14,"4/2/2009",4,2,2009,92,"19:41",71,"Spring",4.99,32.818,4.79,32.82,0,0,0,31.28,31.28,1.22,1.50365451924296,1.0335697034538,0.483797772838489,0.912363085731796
"35","HB1002",216,"6B3Z","6B3I",40.7233,-68.7933,3,"GB",27,27,14,"4/2/2010",4,2,2010,92,"15:01",66,"Spring",6.04,32.561,6.03,32.595,0,0,0,0,0,1.22,-0.214670164989233,-0.0956213622062383,0.483797772838489,0.848420192612782
"36","HB1102",186,"6B3","6B3",40.265,-68.72,3,"GB",27,27,14,"3/29/2011",3,29,2011,88,"8:37",110,"Spring",4.9,32.5,8.81,34.17,0,0,0,0,0,1.22,-0.214670164989233,-0.136889445157991,0.483797772838489,0.718453490565816
"37","HB1201",449,"6B3Z","6B3I",40.8617,-67.8033,3,"GB",27,27,14,"4/12/2012",4,12,2012,103,"14:44",65,"Spring",7.09,32.862,7.04,32.864,0,0,0,0,0,1.22,-0.214670164989233,-0.0676541856732188,0.483797772838489,0.45531658996392
"38","HB1301",2336,"6B3Z","6B3I",40.6533,-68.6983,3,"GB",27,27,14,"4/13/2013",4,13,2013,103,"16:17",65,"Spring",6.62,33.142,6.61,33.155,0,0,0,0,0,1.22,-0.214670164989233,-0.0849849097971134,0.483797772838489,0.129683960123848
"39","GU1401",2,"6B3Z","6B3I",40.8283,-68.5083,3,"GB",30,30,16,"3/1/2014",3,1,2014,60,"18:33",58,"Spring",5.53,32.927,5.51,32.925,0,0,0,86.1,86.1,1.22,1.93806918622339,1.6946005865521,0.483797772838489,0.261890136743508
"40","HB1501",7415,"6B3Z","6B3I",40.67,-67.2467,3,"GB",27,27,14,"4/16/2015",4,16,2015,106,"5:56",99,"Spring",6.13,32.717,9.54,34.405,0,0,0,0,0,1.22,-0.214670164989233,1.00163589400392,0.483797772838489,0.481341587985541
"41","GU1608",82,"6B3Z","6B3I",40.2517,-68.6667,3,"GB",26,26,13,"5/29/2016",5,29,2016,150,"14:58",114,"Spring",12.11,32.41,13.1,35.497,0,0,0,0,0,1.22,-0.214670164989233,-0.146331051805682,0.483797772838489,0.479453266656002
"42","GU1701",71,"6B3Z","6B3I",40.1667,-68.6667,3,"GB",26,26,13,"5/23/2017",5,23,2017,143,"23:55",163,"Spring",10.69,32.938,12.07,35.465,0,0,0,0,0,1.22,-0.214670164989233,0.193077337061454,0.483797772838489,0.531599571202937
"43","HB1802",6087,"6B3Z","6B3I",41.1683,-66.3167,3,"GB",28,28,13,"4/22/2018",4,22,2018,112,"18:07",150,"Spring",6.88,32.662,NA,NA,0,0,0,0,0,1.22,-0.214670164989233,-0.192271268638112,0.483797772838489,0.510142299434737
"44","HB1901",8180,"6B3Z","6B3I",42.0483,-67.2067,3,"GB",31,31,16,"4/23/2019",4,23,2019,113,"19:43",50,"Spring",6.15,32.624,6.1,32.621,0,0,0,0,0,1.22,-0.214670164989233,0.0452912809403841,0.483797772838489,0.180280438312394
"45","GU2102",54,"6B3Z","6B3I",40.5833,-68.8317,3,"GB",27,27,14,"5/20/2021",5,20,2021,140,"11:45",67,"Spring",10.46,32.838,8.05,32.823,0,0,0,0,0,1.22,-0.214670164989233,0.315166520633324,0.483797772838489,0.0429865636382738
"46","AL9808",4,"","6B3I",40.52,-68.45,3,"GB",27,27,14,"6/17/1998",6,17,1998,168,"16:06",86,"Summer",12.17,32.065,6.26,32.384,0,0,0,0,0,1.4,-0.154901959985743,-0.0313251310293785,0.237011527066049,-0.0313251310293785
"47","AJ9901",6,"6B3Z","6B3I",41.33,-67.87,3,"GB",30,30,16,"6/3/1999",6,3,1999,154,"23:53",40,"Summer",11.17,32.527,11.18,32.53,0,0,0,0,0,1.4,-0.154901959985743,-0.0480369501972476,0.237011527066049,-0.039681040613313
"48","AL0005",3,"6B3Z","6B3I",40.595,-68.8383,3,"GB",27,27,14,"8/23/2000",8,23,2000,236,"10:04",65,"Summer",19.44,33.039,11.57,33.783,0,0,6.2,0,6.2,1.4,0.838849090737255,0.305476164083406,0.237011527066049,0.07537136095226
"49","AL0109",1,"6B3Z","6B3I",40.7333,-68.8683,3,"GB",27,27,14,"8/21/2001",8,21,2001,233,"6:00",59,"Summer",20.63,32.198,11.13,32.537,0,0,0,0,0,1.4,-0.154901959985743,0.0221144039314651,0.237011527066049,0.0620571216970613
"50","AL0206",83,"6B3Z","6B3I",41.745,-65.9517,3,"GB",29,29,15,"6/1/2002",6,1,2002,152,"1:27",106,"Summer",8.57,32.401,7.44,33.168,0,0,0,0,0,1.4,-0.154901959985743,0.11587261907008,0.237011527066049,0.072820221171665
"51","AM0301",4,"6B3Z","6B3I",41.0833,-68.5383,3,"GB",30,30,16,"8/20/2003",8,20,2003,232,"14:50",56,"Summer",14.8,NA,14.63,NA,0,0,0,0,0,1.4,-0.154901959985743,0.0579181611427826,0.237011527066049,0.0906688796060972
"52","AL0405",74,"6B3Z","6B3I",41.1833,-68.0733,3,"GB",30,30,16,"6/3/2004",6,3,2004,155,"5:28",48,"Summer",9.2,32.898,9.21,32.902,0,0,0,0,0,1.4,-0.154901959985743,-0.0746002912671987,0.237011527066049,0.085356211392107
"53","AL0505",69,"6B3Z","6B3I",40.98,-68.11,3,"GB",30,30,16,"6/2/2005",6,2,2005,153,"11:36",41,"Summer",8.37,32.187,8.36,32.187,0,0,0,0,0,1.4,-0.154901959985743,-0.122326281103643,0.237011527066049,-0.000204277645302831
"54","AL0605",63,"6B3Z","6B3I",41.11,-68.605,3,"GB",31,31,16,"6/8/2006",6,8,2006,159,"10:22",59,"Summer",9.46,32.378,9.24,32.384,0,0,0,0,0,1.4,-0.154901959985743,-0.0809660205792723,0.237011527066049,-0.0208203625474503
"55","DE0706",93,"6B3Z","6B3I",42.065,-66.5167,3,"GB",29,29,15,"6/1/2007",6,1,2007,152,"13:00",86,"Summer",10.19,32.984,6.27,33.146,0,0,0,0,0,1.4,-0.154901959985743,-0.0434186433559147,0.237011527066049,-0.0526786150326492
"56","DE0808",71,"6B3Z","6B3I",40.8117,-68.845,3,"GB",27,27,14,"8/20/2008",8,20,2008,233,"8:07",68,"Summer",17.92,32.363,11.13,32.612,0,0,0,0,0,1.4,-0.154901959985743,-0.00848047269538472,0.237011527066049,-0.0659583418002827
"57","DE0905",63,"6B3Z","6B3I",40.105,-68.755,3,"GB",26,26,13,"6/4/2009",6,4,2009,155,"14:54",189,"Summer",20.06,35.705,11.91,35.509,0,0,0,0,0,1.4,-0.154901959985743,-0.126082932668242,0.237011527066049,-0.0762548700804914
"58","DE1004",67,"6B3Z","6B3I",40.56,-68.715,3,"GB",27,27,14,"6/2/2010",6,2,2010,153,"11:46",67,"Summer",10.97,32.403,7.66,32.504,0,0,0,0,0,1.4,-0.154901959985743,-0.00222523636667127,0.237011527066049,-0.052234661133097
"59","DE1105",77,"6B3","6B3",40.6433,-68.6833,3,"GB",27,27,14,"6/9/2011",6,9,2011,160,"17:12",65,"Summer",11.16,32.354,9.14,32.38,0,0,0,0,0,1.4,-0.154901959985743,-0.0933340510930598,0.237011527066049,-0.0547082672358546
"60","HB1202",67,"6B3Z","6B3I",40.5767,-68.835,3,"GB",27,27,14,"6/11/2012",6,11,2012,163,"2:17",68,"Summer",13.38,32.843,10.26,32.888,0,0,0,0,0,1.4,-0.154901959985743,0.253218009249529,0.237011527066049,0.0046190632852341
"61","EX1305",10,"6B3Z","6B3I",40.9117,-68.8317,3,"GB",27,27,14,"8/26/2013",8,26,2013,238,"0:16",72,"Summer",15.09,32.513,14.52,32.553,0,0,5.53,0,5.53,1.4,0.79448804665917,0.0171386886630769,0.237011527066049,0.00974289555692643
"62","GU1608",108,"6B3Z","6B3I",41.7483,-66.6567,3,"GB",29,29,15,"6/1/2016",6,1,2016,153,"1:03",65,"Summer",8.97,32.791,8.96,32.789,0,0,0,14.73,14.73,1.4,1.18836592606315,0.240746853360665,0.237011527066049,0.083108852762708
"63","GU1701",103,"6B3Z","6B3I",41.8317,-68.0017,3,"GB",32,32,17,"6/1/2017",6,1,2017,152,"1:02",60,"Summer",9.42,32.438,6.86,32.622,0,0,0,0,0,1.4,-0.154901959985743,0.321870696535505,0.237011527066049,0.147928039343143
"64","GU1804",17,"6B3Z","6B3I",40.745,-68.8417,3,"GB",27,27,14,"8/24/2018",8,24,2018,236,"8:11",67,"Summer",19.41,32.245,14.65,32.435,0,0,4.95,0,4.95,1.4,0.752048447819439,0.393475939584613,0.237011527066049,0.245290037478678
"65","GU1902",59,"6B3Z","6B3I",40.255,-68.6633,3,"GB",26,26,13,"8/22/2019",8,22,2019,234,"5:30",110,"Summer",27.41,35.155,14.38,35.821,0,0,0,0,0,1.4,-0.154901959985743,0.33000514258473,0.237011527066049,0.260647464145718
"66","PC2104",41,"6B3Z","6B3I",40.415,-68.7533,3,"GB",27,27,14,"8/9/2021",8,9,2021,221,"16:21",85,"Summer",25.6,35.203,16.13,35.65,0,0,23.91,0,23.91,1.4,1.3911116137028,1.04665160754694,0.237011527066049,0.46655004792249
"67","AL9801",6,"","6B3I",40.41,-68.73,3,"GB",27,27,14,"1/8/1998",1,8,1998,8,"19:12",82,"Winter",8.54,32.52,10.03,33.494,387.84,0,0,0,387.84,1.3,2.58937984424192,1.09674354942782,0.539161908324768,1.09674354942782
"68","AL9901",6,"","6B3I",40.42,-68.73,3,"GB",27,27,14,"1/13/1999",1,13,1999,13,"16:10",73,"Winter",7.66,32.282,10.1,33.323,54.88,0,0,0,54.88,1.3,1.74452767347257,1.61442950817586,0.539161908324768,1.35558652880184
"69","AL0001",124,"6B3Z","6B3I",40.395,-68.8217,3,"GB",27,27,14,"2/28/2000",2,28,2000,59,"21:48",81,"Winter",6.27,33.073,11.25,34.836,0,0,0,0,0,1.3,-0.187086643357144,0.418581916263084,0.539161908324768,1.04325165795559
"70","AL0102",149,"6B3Z","6B3I",40.5367,-68.7317,3,"GB",27,27,14,"2/19/2001",2,19,2001,50,"0:34",69,"Winter",6.12,32.889,6.1,32.904,33.96,0,0,45.28,79.24,1.3,1.9024924211586,1.09247356776765,0.539161908324768,1.0555571354086
"71","AL0202",21,"6B3Z","6B3I",42.0667,-66.0717,3,"GB",29,29,15,"1/27/2002",1,27,2002,27,"11:01",95,"Winter",6.32,32.63,7.61,33.668,0,0,0,0,0,1.3,-0.187086643357144,0.400668475289493,0.539161908324768,0.924579403384782
"72","DE0301",28,"6B3Z","6B3I",41.9867,-66.2617,3,"GB",29,29,15,"1/27/2003",1,27,2003,27,"7:24",79,"Winter",4.38,NA,5.96,NA,0,0,0,0,0,1.3,-0.187086643357144,0.903365136692082,0.539161908324768,0.885903720837634
"73","DE0501",29,"6B3Z","6B3I",42.0617,-65.9767,3,"GB",28,28,13,"1/31/2005",1,31,2005,31,"17:24",169,"Winter",4.8,32.469,6.76,33.938,0,0,0,52.08,52.08,1.3,1.72205777133146,0.946804748852344,0.539161908324768,0.752378768972931
"74","DE0602",26,"6B3Z","6B3I",42.1067,-66.7733,3,"GB",32,32,17,"1/29/2006",1,29,2006,29,"15:30",70,"Winter",5.96,32.632,5.96,32.636,0,0,0,0,0,1.3,-0.187086643357144,1.23299102509413,0.539161908324768,0.91526059073914
"75","DE0701",30,"6B3Z","6B3I",42.165,-67.3033,3,"GB",32,32,17,"2/7/2007",2,7,2007,38,"5:55",166,"Winter",4.45,32.274,8.55,34.932,0,0,0,5.61,5.61,1.3,0.79657433321043,2.60491766110189,0.539161908324768,1.21774940940599
"76","DE0802",33,"6B3Z","6B3I",40.3167,-68.61,3,"GB",27,27,14,"1/31/2008",1,31,2008,31,"9:01",101,"Winter",10.92,34.482,12.27,35.015,0,0,0,33.84,33.84,1.3,1.53769319436739,2.40791793771545,0.539161908324768,1.61919930189118
"77","DE0902",68,"6B3Z","6B3I",40.3033,-68.7233,3,"GB",27,27,14,"2/5/2009",2,5,2009,36,"14:32",99,"Winter",5.61,32.637,10.89,34.608,0,0,0,85.5,85.5,1.3,1.93525528178405,1.49055298120531,0.539161908324768,1.73663687079382
"78","DE1001",44,"6B3Z","6B3I",40.9,-68.4883,3,"GB",30,30,16,"2/13/2010",2,13,2010,44,"3:14",51,"Winter",4.76,32.965,4.76,32.968,4.56,0,0,0,4.56,1.3,0.716837723299524,0.182639140435999,0.539161908324768,1.58380374911055
"79","DE1102",55,"6B3","6B3",40.4867,-68.78,3,"GB",27,27,14,"2/8/2011",2,8,2011,39,"3:00",76,"Winter",5.92,32.893,5.92,32.896,0,0,0,43.36,43.36,1.3,1.64355136856295,0.491973206495585,0.539161908324768,1.43560018539085
"80","DE1202",3,"6B3","6B3",41.2517,-68.465,3,"GB",31,31,16,"2/3/2012",2,3,2012,34,"11:57",57,"Winter",8.08,32.428,8.11,32.437,0,0,0,18.08,18.08,1.3,1.27253777737524,0.555054419024864,0.539161908324768,1.02562753697544
"81","PC1301",61,"6B3Z","6B3I",40.1283,-68.755,3,"GB",26,26,13,"2/16/2013",2,16,2013,47,"3:10",162,"Winter",7.69,33.564,13.24,35.501,0,0,0,42.84,42.84,1.3,1.63838940766534,1.20533857844305,0.539161908324768,0.785111665120962
"82","HB1701",63,"6B3Z","6B3I",40.33,-68.4167,3,"GB",26,26,13,"2/18/2017",2,18,2017,49,"6:36",126,"Winter",6.81,32.936,12.44,35.156,0,0,0,0,0,1.3,-0.187086643357144,1.51970188632817,0.539161908324768,0.790941446145534
"83","AL9910",198,"6B3Z","6B3I",41.6667,-69.1067,4,"GOM",34,34,19,"10/14/1999",10,14,1999,287,"9:22",158,"Fall",14.87,32.351,5.84,33.366,76.2,0,0,0,76.2,1.05,1.88493689710386,0.672275349290783,0.292627140714599,0.672275349290783
"84","AL0006",208,"6B3Z","6B3I",41.18,-68.705,4,"GOM",33,33,18,"9/27/2000",9,27,2000,271,"15:05",65,"Fall",15.88,32.439,15.52,32.458,3.55,0,10.65,0,14.2,1.05,1.16805530345914,1.32047878258967,0.292627140714599,0.996377065940225
"85","AL0110",199,"6B3Z","6B3I",41.0617,-68.7633,4,"GOM",33,33,18,"9/27/2001",9,27,2001,270,"11:27",63,"Fall",16.15,32.433,16.13,32.48,0,0,0,0,0,1.05,-0.279840696594043,0.650937791019344,0.292627140714599,0.881230640966598
"86","AL0210",214,"6B3Z","6B3I",42.15,-65.7183,4,"GOM",38,38,17,"10/7/2002",10,7,2002,280,"12:25",263,"Fall",17.86,33.606,NA,NA,0,0,0,0,0,1.05,-0.279840696594043,0.486890839074258,0.292627140714599,0.782645690493513
"87","AL0305",233,"6B3Z","6B3I",41.7117,-68.8717,4,"GOM",34,34,19,"10/17/2003",10,17,2003,290,"7:28",165,"Fall",15.06,32.258,4.99,33.257,0,0,0,0,0,1.05,-0.279840696594043,0.580580517179864,0.292627140714599,0.742232655830783
"88","AL0409",212,"6B3Z","6B3I",42.3817,-66.4867,4,"GOM",38,38,17,"10/9/2004",10,9,2004,283,"16:36",298,"Fall",14.47,32.161,NA,NA,0,0,0,0,0,1.05,-0.279840696594043,0.174676605460835,0.292627140714599,0.642712907064794
"89","AL0508",220,"6B3Z","6B3I",42.12,-65.865,4,"GOM",38,38,17,"10/10/2005",10,10,2005,283,"7:48",243,"Fall",16.55,32.019,NA,NA,0,0,0,0,0,1.05,-0.279840696594043,0.210659939352143,0.292627140714599,0.420749138417289
"90","AL0608",247,"6B3Z","6B3I",42.19,-66.0817,4,"GOM",38,38,17,"10/3/2006",10,3,2006,276,"7:31",243,"Fall",16.31,32.718,NA,NA,0,0,0,0,0,1.05,-0.279840696594043,0.317948228971642,0.292627140714599,0.354151226007749
"91","AL0707",231,"6B3Z","6B3I",42.4917,-66.97,4,"GOM",39,39,17,"10/9/2007",10,9,2007,282,"23:39",337,"Fall",11.96,32.623,NA,NA,0,0,0,0,0,1.05,-0.279840696594043,0.367229021255311,0.292627140714599,0.330218862443959
"92","AL0803",194,"6B3Z","6B3I",41.375,-69.3517,4,"GOM",33,33,18,"10/7/2008",10,7,2008,281,"14:41",55,"Fall",14.15,31.481,9.23,32.383,0,0,0,0,0,1.05,-0.279840696594043,0.415036708131603,0.292627140714599,0.297110100634307
"93","DE0911",59,"6B3Z","6B3I",41.1867,-69.31,4,"GOM",33,33,18,"11/10/2009",11,10,2009,314,"10:31",49,"Fall",10.71,32.297,10.71,32.3,1886.04,0,0,0,1886.04,1.05,3.27567177304351,0.731825695728128,0.292627140714599,0.408539918687766
"94","DE1012",64,"6B3","6B3",41.065,-69.075,4,"GOM",33,33,18,"11/14/2010",11,14,2010,318,"20:13",87,"Fall",12.06,32.384,10.43,32.581,35.6,0,0,0,35.6,1.05,1.5578078557646,0.440829632699468,0.292627140714599,0.454573857357231
"95","DE1109",83,"6B3","6B3",42.21,-66.285,4,"GOM",38,38,17,"11/14/2011",11,14,2011,318,"16:42",207,"Fall",10.65,31.912,8.37,34.993,0,0,0,0,0,1.05,-0.279840696594043,0.626003751312692,0.292627140714599,0.516184961825441
"96","HB1206",1250,"6B3Z","6B3I",41.8,-69.8333,4,"GOM",33,33,18,"10/2/2012",10,2,2012,276,"13:04",77,"Fall",17.33,31.933,9.77,32.743,0,0,0,0,0,1.05,-0.279840696594043,0.631221589035814,0.292627140714599,0.568983475381541
"97","EX1305",59,"6B3Z","6B3I",43.815,-66.4083,4,"GOM",44,44,25,"9/1/2013",9,1,2013,244,"2:56",65,"Fall",11.56,32.282,10.81,33.026,6.13,0,0,0,6.13,1.05,0.823148059810694,0.681612393893436,0.292627140714599,0.622298612533908
"98","HB1405",5777,"6B3Z","6B3I",43.205,-67.37,4,"GOM",42,42,24,"11/5/2014",11,5,2014,309,"12:41",185,"Fall",11.76,33.108,9.75,34.97,0,0,0,0,0,1.05,-0.279840696594043,0.887494016608384,0.292627140714599,0.653432276709959
"99","GU1506",62,"6B3Z","6B3I",41.165,-68.835,4,"GOM",33,33,18,"10/19/2015",10,19,2015,292,"4:32",89,"Fall",16.7,33.74,10.4,33.025,261.06,0,0,0,261.06,1.05,2.41761283673173,0.699138477142012,0.292627140714599,0.705094045598468
"100","HB1604",1972,"6B3Z","6B3I",42.7617,-69.255,4,"GOM",41,41,23,"10/25/2016",10,25,2016,299,"19:59",77,"Fall",12.25,33.079,8.3,33.216,0,0,0,0,0,1.05,-0.279840696594043,0.471885343649041,0.292627140714599,0.674270364065738
"101","GU1706",1,"6B3Z","6B3I",41.8267,-70.3317,4,"GOM",35,35,21,"11/1/2017",11,1,2017,305,"2:20",28,"Fall",13.09,31.851,13.07,31.854,0,0,0,0,0,1.05,-0.279840696594043,1.1011620653208,0.292627140714599,0.768258459322734
"102","HB1806",6682,"6B3Z","6B3I",41.5817,-68.9717,4,"GOM",34,34,19,"10/12/2018",10,12,2018,285,"14:44",118,"Fall",17.17,31.722,6.9,33.017,0,0,0,0,0,1.05,-0.279840696594043,0.383270206679674,0.292627140714599,0.708590021879982
"103","GU1905",80,"6B3Z","6B3I",41.0783,-69.085,4,"GOM",33,33,18,"10/27/2019",10,27,2019,300,"0:03",95,"Fall",12.13,32.453,10.27,32.61,0,0,0,0,0,1.05,-0.279840696594043,0.00631926555688249,0.292627140714599,0.532355071669682
"104","HB2103",3006,"6B3Z","6B3I",44.255,-66.665,4,"GOM",46,44,25,"11/7/2021",11,7,2021,311,"19:42",192,"Fall",12.81,31.105,12.08,33.964,0,0,0,0,0,1.05,-0.279840696594043,0.146573174000897,0.292627140714599,0.421842011041459
"105","AL9806",50,"","6B3I",42.08,-65.93,4,"GOM",38,38,17,"5/18/1998",5,18,1998,138,"8:03",201,"Spring",6.81,31.849,NA,NA,0,0,0,0,0,1.9,-0.0222763947111523,0.684512148644295,0.199344199187958,0.684512148644295
"106","AL9904",1,"","6B3I",41.01,-68.99,4,"GOM",33,33,18,"5/20/1999",5,20,1999,140,"0:14",75,"Spring",7.84,32.44,7.72,32.44,0,0,0,24.76,24.76,1.9,1.41010207664286,0.548082575772485,0.199344199187958,0.61629736220839
"107","AL0002",209,"6B3Z","6B3I",41.295,-68.5667,4,"GOM",33,33,18,"4/11/2000",4,11,2000,102,"15:59",61,"Spring",6.68,33.181,6.45,33.172,0,0,0,17.28,17.28,1.9,1.26078666865498,0.211786257163065,0.199344199187958,0.481460327193282
"108","AL0103",213,"6B3Z","6B3I",41.4083,-68.9967,4,"GOM",34,34,19,"4/11/2001",4,11,2001,101,"2:07",147,"Spring",5.22,32.637,4.92,32.825,0,0,0,12.38,12.38,1.9,1.12483014941386,0.549479520301812,0.199344199187958,0.498465125470414
"109","AL0204",173,"6B3Z","6B3I",41.5433,-69.6617,4,"GOM",33,33,18,"4/4/2002",4,4,2002,94,"13:54",35,"Spring",5.48,32.742,5.51,32.834,0,0,0,17.7,17.7,1.9,1.27067883614471,0.21988291642307,0.199344199187958,0.442748683660945
"110","DE0303",223,"6B3Z","6B3I",42.4683,-66.5633,4,"GOM",38,38,17,"4/8/2003",4,8,2003,98,"15:12",276,"Spring",1.87,31.448,NA,NA,0,0,0,0,0,1.9,-0.0222763947111523,0.222679278330318,0.199344199187958,0.35038210959815
"111","AL0403",186,"6B3Z","6B3I",41.1167,-69.3033,4,"GOM",33,33,18,"3/31/2004",3,31,2004,91,"17:26",54,"Spring",4.15,33.194,4.16,33.195,0,0,0,33.65,33.65,1.9,1.53907609879278,0.389050104601118,0.199344199187958,0.318575615363877
"112","AL0503",230,"6B3Z","6B3I",42.385,-66.6867,4,"GOM",39,39,17,"4/6/2005",4,6,2005,96,"12:09",335,"Spring",2.76,31.913,NA,NA,0,0,0,0,0,1.9,-0.0222763947111523,0.228836214226288,0.199344199187958,0.321985606776521
"113","AL0603",220,"6B3Z","6B3I",42.42,-66.5333,4,"GOM",39,39,17,"4/1/2006",4,1,2006,91,"18:44",298,"Spring",3.36,31.371,NA,NA,0,0,0,6.84,6.84,1.9,0.891537457672564,0.394596678789043,0.199344199187958,0.291009038473967
"114","AL0703",242,"6B3Z","6B3I",42.2533,-65.6817,4,"GOM",38,38,17,"4/3/2007",4,3,2007,93,"14:21",118,"Spring",1.21,31.531,5.26,33.477,0,0,0,2053.9,2053.9,1.9,3.31278012472794,0.714534098681663,0.199344199187958,0.389939274925686
"115","AL0801",229,"6B3Z","6B3I",42.4733,-66.8117,4,"GOM",39,39,17,"4/9/2008",4,9,2008,100,"20:39",321,"Spring",4.91,32.646,NA,NA,0,0,0,0,0,1.9,-0.0222763947111523,0.244520883711825,0.199344199187958,0.394307596001987
"116","HB0901",220,"6B3Z","6B3I",41.7083,-69.5167,4,"GOM",34,34,19,"4/4/2009",4,4,2009,94,"5:52",124,"Spring",4.12,32.504,4.81,33.167,0,0,0,23.17,23.17,1.9,1.38237730346811,0.501379461069688,0.199344199187958,0.416773467295701
"117","HB1002",255,"6B3Z","6B3I",42.1883,-65.8483,4,"GOM",38,38,17,"4/6/2010",4,6,2010,96,"6:19",244,"Spring",6.07,32.839,NA,NA,0,0,0,0,0,1.9,-0.0222763947111523,0.417774158546879,0.199344199187958,0.45456105615982
"118","HB1102",249,"6B3","6B3",41.47,-69.5783,4,"GOM",33,33,18,"4/12/2011",4,12,2011,102,"16:37",33,"Spring",5.12,32.166,5.02,32.167,0,0,0,28.7,28.7,1.9,1.47202469770028,0.268798741544932,0.199344199187958,0.429401468710997
"119","HB1201",259,"6B3Z","6B3I",43.38,-69.8267,4,"GOM",41,41,23,"4/29/2012",4,29,2012,120,"11:33",149,"Spring",7.44,31.048,5.93,32.934,0,0,0,0,0,1.9,-0.0222763947111523,0.109118998765328,0.199344199187958,0.30831844872773
"120","HB1301",2405,"6B3Z","6B3I",41.5483,-68.8,4,"GOM",34,34,19,"4/12/2013",4,12,2013,102,"6:17",156,"Spring",6.79,33.38,6.17,33.387,0,0,0,14.94,14.94,1.9,1.20112389720738,0.354149539185745,0.199344199187958,0.330244179822515
"121","GU1401",30,"6B3Z","6B3I",41.415,-68.4983,4,"GOM",33,33,18,"3/4/2014",3,4,2014,63,"13:12",79,"Spring",5.59,33.339,5.6,33.342,0,0,0,22.9,22.9,1.9,1.37748838337613,0.314318669192351,0.199344199187958,0.292832021447047
"122","HB1501",7481,"6B3Z","6B3I",41.72,-69.5283,4,"GOM",34,34,19,"4/12/2015",4,12,2015,102,"20:08",150,"Spring",5.23,33.234,4.52,33.301,0,0,0,15.36,15.36,1.9,1.21245396104028,0.638777392128165,0.199344199187958,0.337032668163304
"123","GU1608",104,"6B3Z","6B3I",42.2267,-65.7633,4,"GOM",38,38,17,"5/31/2016",5,31,2016,152,"16:24",224,"Spring",9.47,31.029,NA,NA,0,0,0,0,0,1.9,-0.0222763947111523,0.0193154107561687,0.199344199187958,0.287136002005552
"124","GU1701",93,"6B3Z","6B3I",41.5783,-69.665,4,"GOM",33,33,18,"5/31/2017",5,31,2017,151,"0:15",38,"Spring",9.87,31.538,6.04,32.023,0,0,0,0,0,1.9,-0.0222763947111523,0.33123142527755,0.199344199187958,0.331558487307996
"125","HB1802",6236,"6B3Z","6B3I",43.5683,-69.8617,4,"GOM",40,40,22,"5/10/2018",5,10,2018,130,"9:36",94,"Spring",9.56,24.249,4.81,32.46,0,0,0,0,0,1.9,-0.0222763947111523,-0.0222763947111523,0.199344199187958,0.256273300528617
"126","HB1901",8182,"6B3Z","6B3I",42.6883,-70.225,4,"GOM",36,36,21,"5/11/2019",5,11,2019,131,"5:58",86,"Spring",9.08,27.816,4.65,32.632,0,0,0,0,0,1.9,-0.0222763947111523,0.190118691915366,0.199344199187958,0.231433305073219
"127","GU2102",53,"6B3Z","6B3I",41.0767,-69.095,4,"GOM",33,33,18,"5/20/2021",5,20,2021,140,"6:53",88,"Spring",11.28,32.935,7.16,33.02,0,0,0,11.49,11.49,1.9,1.0948203803548,0.0460673531031049,0.199344199187958,0.112891297268207
"128","AL9808",27,"","6B3I",42.29,-65.84,4,"GOM",38,38,17,"6/22/1998",6,22,1998,173,"14:16",201,"Summer",11.27,31.464,NA,NA,0,0,0,0,0,0.95,-0.323306390375133,-0.323306390375133,0.241091394566691,-0.323306390375133
"129","AJ9901",1,"6B3Z","6B3I",41.4617,-69.5117,4,"GOM",33,33,18,"6/3/1999",6,3,1999,154,"4:03",38,"Summer",12.03,31.938,7.2,32.17,0,0,0,1.72,1.72,0.95,0.34143452457814,-0.16921752778656,0.241091394566691,-0.246261959080847
"130","AL0005",1,"6B3Z","6B3I",41.57,-68.9017,4,"GOM",34,34,19,"8/23/2000",8,23,2000,236,"3:35",109,"Summer",20.01,31.715,6.28,33.29,0,0,7.27,0,7.27,0.95,0.889021422095225,-0.00737927878066863,0.241091394566691,-0.166634398980787
"131","AL0109",10,"6B3Z","6B3I",41.3567,-68.6583,4,"GOM",33,33,18,"8/21/2001",8,21,2001,233,"22:09",87,"Summer",14.76,32.123,6.46,32.537,0,0,0,0,0,0.95,-0.323306390375133,-0.00932021089904371,0.241091394566691,-0.127305851960351
"132","AL0206",88,"6B3Z","6B3I",42.295,-65.96,4,"GOM",38,38,17,"6/1/2002",6,1,2002,152,"10:37",234,"Summer",9.35,32.104,NA,NA,0,0,0,0,0,0.95,-0.323306390375133,-0.207252664294875,0.241091394566691,-0.143295214427256
"133","AM0301",2,"6B3Z","6B3I",41.0267,-69.0517,4,"GOM",33,33,18,"8/20/2003",8,20,2003,232,"10:14",83,"Summer",14.7,32.492,8.53,32.514,0,0,0,0,0,0.95,-0.323306390375133,-0.323306390375133,0.241091394566691,-0.143295214427256
"134","AL0405",72,"6B3Z","6B3I",41.4833,-68.8817,4,"GOM",34,34,19,"6/3/2004",6,3,2004,155,"0:37",137,"Summer",9.45,31.904,3.87,33.089,0,0,0,0,0,0.95,-0.323306390375133,-0.267946397695658,0.241091394566691,-0.163040988409076
"135","AL0505",67,"6B3Z","6B3I",41.8967,-69.6467,4,"GOM",34,34,19,"6/2/2005",6,2,2005,153,"2:07",180,"Summer",7.89,31.938,4.21,32.461,0,0,0,0,0,0.95,-0.323306390375133,-0.040909532025334,0.241091394566691,-0.169747039058009
"136","AL0605",61,"6B3Z","6B3I",41.6333,-69.4833,4,"GOM",33,33,18,"6/8/2006",6,8,2006,159,"4:24",99,"Summer",11.1,31.385,5.42,32.532,0,0,0,0,0,0.95,-0.323306390375133,-0.201955312421684,0.241091394566691,-0.208274059362537
"137","DE0706",90,"6B3Z","6B3I",42.5183,-66.7067,4,"GOM",38,38,17,"6/1/2007",6,1,2007,152,"5:25",264,"Summer",8.99,32.135,NA,NA,0,0,0,20.04,20.04,0.95,1.31207152130293,-0.183941237273706,0.241091394566691,-0.203611773958303
"138","DE0808",92,"6B3Z","6B3I",42.1933,-65.9517,4,"GOM",38,38,17,"8/22/2008",8,22,2008,235,"4:58",224,"Summer",17.09,32.417,NA,NA,0,0,0,0,0,0.95,-0.323306390375133,-0.241802594442247,0.241091394566691,-0.187311014771726
"139","DE0905",68,"6B3Z","6B3I",42.0583,-68.6067,4,"GOM",34,34,19,"6/5/2009",6,5,2009,156,"4:32",179,"Summer",11.58,32.267,5.61,33.437,0,0,0,6.2,6.2,0.95,0.824451270036613,-0.166977271400026,0.241091394566691,-0.167117189512599
"140","DE1004",87,"6B3Z","6B3I",42.2267,-65.7667,4,"GOM",38,38,17,"6/4/2010",6,4,2010,155,"5:55",224,"Summer",10.65,32.281,NA,NA,0,0,0,0,0,0.95,-0.323306390375133,-0.145551704528712,0.241091394566691,-0.188045624013275
"141","DE1105",73,"6B3","6B3",41.0617,-69.38,4,"GOM",33,33,18,"6/9/2011",6,9,2011,160,"11:01",44,"Summer",10.69,31.183,9.32,31.27,0,0,0,0,0,0.95,-0.323306390375133,-0.288525093484284,0.241091394566691,-0.205359580225795
"142","HB1202",93,"6B3Z","6B3I",41.3333,-68.7783,4,"GOM",33,33,18,"6/13/2012",6,13,2012,165,"13:38",107,"Summer",14.64,32.047,6.22,32.759,0,0,0,0,0,0.95,-0.323306390375133,-0.0294327498605894,0.241091394566691,-0.174457882743172
"143","EX1305",7,"6B3Z","6B3I",41.1483,-69.4,4,"GOM",33,33,18,"8/25/2013",8,25,2013,237,"17:39",40,"Summer",13.77,31.901,13.29,31.938,0,0,0,0,0,0.95,-0.323306390375133,-0.161407406584052,0.241091394566691,-0.158378845171533
"144","HB1502",137,"6B3Z","6B3I",43.2533,-68.2533,4,"GOM",42,42,24,"6/1/2015",6,1,2015,152,"2:02",198,"Summer",8.46,32.284,6.91,33.873,0,0,0,0,0,0.95,-0.323306390375133,0.421438086788942,0.241091394566691,-0.0406957735337392
"145","GU1608",121,"6B3Z","6B3I",41.1617,-68.7533,4,"GOM",33,33,18,"6/2/2016",6,2,2016,154,"5:52",60,"Summer",9.6,32.704,7.92,32.744,0,0,0,4.94,4.94,0.95,0.733598460961339,0.595357645107697,0.241091394566691,0.107486096393543
"146","GU1701",122,"6B3Z","6B3I",42.225,-65.77,4,"GOM",38,38,17,"6/2/2017",6,2,2017,153,"16:24",223,"Summer",7.63,31.541,NA,NA,0,0,0,5.24,5.24,0.95,0.757016234731301,-0.0998347598711963,0.241091394566691,0.14522416311616
"147","HB1803",86,"6B3Z","6B3I",41.3783,-68.5617,4,"GOM",33,33,18,"6/1/2018",6,1,2018,152,"15:29",83,"Summer",11.58,32.067,5.62,32.753,0,0,0,0,0,0.95,-0.323306390375133,0.383966659108521,0.241091394566691,0.227904044909982
"148","GU1902",69,"6B3Z","6B3I",42.3333,-65.4267,4,"GOM",47,46,26,"8/23/2019",8,23,2019,235,"16:08",110,"Summer",17.43,32.068,12.25,34.939,0,0,0,0,0,0.95,-0.323306390375133,-0.209315904421487,0.241091394566691,0.218322345342495
"149","PC2104",76,"6B3Z","6B3I",42.4067,-65.5883,4,"GOM",47,46,26,"8/12/2021",8,12,2021,224,"15:14",93,"Summer",18.29,31.29,10.78,34.175,0,0,2.01,0,2.01,0.95,0.395326393069351,0.210821751927281,0.241091394566691,0.176199078370163
"150","AL9801",46,"","6B3I",42.29,-65.85,4,"GOM",38,38,17,"1/13/1998",1,13,1998,13,"9:37",200,"Winter",3.53,30.943,NA,NA,0,0,0,0,0,1.61,-0.0942041196321315,1.28696315394157,0.378506374023083,1.28696315394157
"151","AL9901",50,"","6B3I",42.28,-65.85,4,"GOM",38,38,17,"1/19/1999",1,19,1999,19,"8:26",200,"Winter",3.41,31.291,NA,NA,5.33,0,0,0,5.33,1.61,0.787814567063023,1.62015768146347,0.378506374023083,1.45356041770252
"152","AL0202",1,"6B3Z","6B3I",42.3367,-70.6183,4,"GOM",36,36,21,"1/23/2002",1,23,2002,23,"2:54",66,"Winter",5.5,32.555,5.91,32.773,11.5,0,0,161,172.5,1.61,2.23881109266824,0.260564908330672,0.378506374023083,1.0558952479119
"153","DE0301",1,"6B3Z","6B3I",42.48,-70.6033,4,"GOM",36,36,21,"1/23/2003",1,23,2003,23,"13:21",76,"Winter",4.35,33.09,4.38,33.096,12.47,0,0,49.88,62.35,1.61,1.80040773947487,0.251620810235054,0.378506374023083,0.854826638492692
"154","AL0401",1,"6B3Z","6B3I",41.295,-69.4283,4,"GOM",33,33,18,"1/25/2004",1,25,2004,25,"22:41",41,"Winter",3.83,33.064,3.83,33.066,0,0,0,38.92,38.92,1.61,1.59906390587942,0.397493525488995,0.378506374023083,0.763360015891952
"155","DE0501",1,"6B3Z","6B3I",41.8967,-70.18,4,"GOM",35,35,21,"1/26/2005",1,26,2005,26,"4:51",24,"Winter",-0.53,31.11,1.43,31.406,38.28,0,0,3409.24,3447.52,1.61,3.53760819075332,0.60610581106596,0.378506374023083,0.627188547316831
"156","DE0602",1,"6B3Z","6B3I",42.9033,-68.2167,4,"GOM",42,42,24,"1/25/2006",1,25,2006,25,"10:48",177,"Winter",6.18,33.085,7.85,34.335,0,0,0,0,0,1.61,-0.0942041196321315,0.289052086886933,0.378506374023083,0.360967428401523
"157","DE0701",1,"6B3Z","6B3I",41.87,-69.34,4,"GOM",37,37,20,"1/30/2007",1,30,2007,30,"20:01",195,"Winter",6.78,33.175,7.71,34.108,0,0,0,0,0,1.61,-0.0942041196321315,0.274276092292312,0.378506374023083,0.363709665193851
"158","DE0802",40,"6B3Z","6B3I",41.0217,-68.7133,4,"GOM",33,33,18,"1/31/2008",1,31,2008,31,"22:23",63,"Winter",5.82,32.562,5.83,32.562,0,0,0,649.6,649.6,1.61,2.81318387124539,0.588485676477988,0.378506374023083,0.431082638442438
"159","DE0902",94,"6B3Z","6B3I",42.2283,-65.7433,4,"GOM",38,38,17,"2/8/2009",2,8,2009,39,"7:02",228,"Winter",2.36,31.405,NA,NA,0,0,0,0,0,1.61,-0.0942041196321315,0.376959408004049,0.378506374023083,0.426975814945448
"160","DE1001",40,"6B3Z","6B3I",41.6483,-69.615,4,"GOM",33,33,18,"2/12/2010",2,12,2010,43,"17:22",81,"Winter",5.29,32.744,5.31,32.758,0,0,0,4.27,4.27,1.61,0.70543604658525,0.699749334326656,0.378506374023083,0.445704519597587
"161","DE1102",60,"6B3","6B3",41.685,-69.815,4,"GOM",33,33,18,"2/8/2011",2,8,2011,39,"14:48",36,"Winter",4.09,32.163,4.03,32.199,0,0,0,202.3,202.3,1.61,2.30772061491481,0.45349446233412,0.378506374023083,0.478592994687025
"162","DE1202",2,"6B3","6B3",41.1267,-69.0533,4,"GOM",33,33,18,"2/3/2012",2,3,2012,34,"7:12",102,"Winter",7.61,32.782,8.1,33.273,0,0,0,0,0,1.61,-0.0942041196321315,0.151407743682473,0.378506374023083,0.454019324965057
"163","PC1301",73,"6B3Z","6B3I",41.34,-69.4733,4,"GOM",33,33,18,"2/17/2013",2,17,2013,48,"3:43",34,"Winter",6.08,33.302,6.08,33.3,0,0,0,8.52,8.52,1.61,0.969648840480725,0.677854732193334,0.378506374023083,0.471893136108126
"164","HB1701",75,"6B3Z","6B3I",41.1667,-69,4,"GOM",33,33,18,"2/19/2017",2,19,2017,50,"7:19",104,"Winter",6.95,33.259,7.12,33.297,0,0,0,143.14,143.14,1.61,2.15819658404479,1.2922804778476,0.378506374023083,0.654957350076837
"165","AL9910",1,"6B3Z","6B3I",39.105,-72.955,1,"MAB",10,10,4,"9/21/1999",9,21,1999,264,"10:52",79,"Fall",22.88,35.079,11.26,35.378,0,0,0,0,0,0.54,-0.568636235841013,-0.483092835416605,0.182286638907746,-0.483092835416605
"166","AL0006",2,"6B3Z","6B3I",38.85,-73.0017,1,"MAB",10,10,4,"9/6/2000",9,6,2000,250,"17:55",102,"Fall",23.93,35.056,11.21,34.381,0,0,0,0,0,0.54,-0.568636235841013,0.260262774047565,0.182286638907746,-0.11141503068452
"167","AL0110",1,"6B3Z","6B3I",38.8967,-73.2567,1,"MAB",10,10,4,"9/5/2001",9,5,2001,248,"15:30",74,"Fall",24.75,33.698,11.4,34.098,0,0,0,0,0,0.54,-0.568636235841013,-0.268827417542949,0.182286638907746,-0.163885826303996
"168","AL0210",3,"6B3Z","6B3I",39.355,-72.8383,2,"MAB",15,15,7,"9/4/2002",9,4,2002,247,"15:58",73,"Fall",22.23,32.517,7.67,32.919,0,0,0,0,0,0.54,-0.568636235841013,0.106716448103313,0.182286638907746,-0.096235257702169
"169","AL0305",3,"6B3Z","6B3I",39.8583,-71.8767,2,"MAB",14,14,7,"9/8/2003",9,8,2003,251,"5:45",146,"Fall",23.87,32.739,12.1,35.355,0,0,0,0,0,0.54,-0.568636235841013,-0.196326083121682,0.182286638907746,-0.116253422786071
"170","AL0409",5,"6B3Z","6B3I",37.2817,-74.75,1,"MAB",4,4,1,"9/11/2004",9,11,2004,255,"11:13",57,"Fall",23.28,31.948,6.63,32.934,0,0,0,0,0,0.54,-0.568636235841013,-0.440130963478887,0.182286638907746,-0.107661048398528
"171","AL0508",2,"6B3Z","6B3I",38.7083,-73.115,1,"MAB",10,10,4,"9/7/2005",9,7,2005,250,"17:24",144,"Fall",24.66,33.068,14.07,35.772,0,0,0,0,0,0.54,-0.568636235841013,-0.24991876847446,0.182286638907746,-0.209697356902933
"172","AL0608",5,"6B3Z","6B3I",38.66,-73.1717,1,"MAB",10,10,4,"9/6/2006",9,6,2006,249,"23:02",136,"Fall",22.98,34.836,13.68,35.718,0,0,0,0,0,0.54,-0.568636235841013,-0.269584119165632,0.182286638907746,-0.209848697227469
"173","AL0707",12,"6B3Z","6B3I",37.15,-75.66,1,"MAB",6,6,3,"9/7/2007",9,7,2007,250,"15:30",13,"Fall",25.68,31.792,25.41,32.075,0,0,0.75,0,0.75,0.54,0.00860017176191757,-0.352380965846066,0.182286638907746,-0.301668180017345
"174","AL0803",60,"6B3Z","6B3I",35.345,-75.45,1,"MAB",3,3,3,"9/10/2008",9,10,2008,254,"15:21",14,"Fall",26.53,NA,26.68,NA,0,0,3.45,0,3.45,0.54,0.570542939881898,-0.156252025133041,0.182286638907746,-0.293653368419617
"175","DE0911",1,"6B3Z","6B3I",41.0167,-71.0817,2,"MAB",20,20,10,"11/3/2009",11,3,2009,307,"17:15",44,"Fall",13.26,32.121,13,32.465,0,0,0,0,0,0.54,-0.568636235841013,-0.347915490714182,0.182286638907746,-0.275210273866676
"176","DE1009",85,"6B3Z","6B3I",40.69,-70.9783,2,"MAB",19,19,9,"9/1/2010",9,1,2010,244,"1:27",64,"Fall",22.45,33.129,9.46,33.108,0,0,51,0,51,0.54,1.7098633174404,-0.0866335335193091,0.182286638907746,-0.242553226875646
"177","DE1109",1,"6B3","6B3",41.2567,-71.2817,2,"MAB",20,20,10,"10/31/2011",10,31,2011,304,"23:10",37,"Fall",15.09,32.514,15.4,32.736,0,0,0,0,0,0.54,-0.568636235841013,-0.120275573339904,0.182286638907746,-0.2126915177105
"178","HB1206",1146,"6B3Z","6B3I",40.57,-73.18,2,"MAB",17,17,8,"9/19/2012",9,19,2012,263,"18:20",24,"Fall",19.84,31.475,16.68,32.037,0,0,0,0,0,0.54,-0.568636235841013,-0.345399464834578,0.182286638907746,-0.211295217508203
"179","EX1305",79,"6B3Z","6B3I",41.33,-71.005,2,"MAB",20,20,10,"9/5/2013",9,5,2013,248,"0:47",28,"Fall",19.28,31.687,14.62,32.28,0,0,12.69,0,12.69,0.54,1.11260500153457,-0.0429043905041388,0.182286638907746,-0.188625690582423
"180","HB1405",5774,"6B3Z","6B3I",35.66,-75.1183,1,"MAB",2,2,2,"9/15/2014",9,15,2014,258,"21:42",36,"Fall",24.36,30.975,23.14,32.366,0,0,0,0,0,0.54,-0.568636235841013,-0.239884438960098,0.182286638907746,-0.167019480231606
"181","GU1506",1,"6B3Z","6B3I",37.0833,-75.665,1,"MAB",6,6,3,"10/12/2015",10,12,2015,285,"23:59",16,"Fall",21.04,32.206,20.67,32.192,0,0,0,0,0,0.54,-0.568636235841013,-0.423882299180354,0.182286638907746,-0.234469233363815
"182","HB1604",1992,"6B3Z","6B3I",36.2333,-75.2133,1,"MAB",2,2,2,"9/17/2016",9,17,2016,261,"2:50",32,"Fall",24,32.307,21.94,32.818,0,0,0,0,0,0.54,-0.568636235841013,-0.123447123126887,0.182286638907746,-0.235103543321211
"183","GU1706",30,"6B3Z","6B3I",40.4983,-69.0783,2,"MAB",23,23,11,"11/4/2017",11,4,2017,308,"2:50",78,"Fall",14.83,32.637,11.67,33.098,0,0,0,0,0,0.54,-0.568636235841013,-0.387591947230878,0.182286638907746,-0.243542039800471
"184","HB1806",6624,"6B3Z","6B3I",35.8483,-75.0017,1,"MAB",2,2,2,"9/9/2018",9,9,2018,252,"3:27",49,"Fall",28.7,29.273,13.14,32.955,0,0,0,0,0,0.54,-0.568636235841013,-0.265326629804129,0.182286638907746,-0.288026487660469
"185","GU1905",1,"6B3Z","6B3I",41.33,-71.175,2,"MAB",21,21,10,"10/15/2019",10,15,2019,288,"20:21",30,"Fall",16.96,32.381,16.59,32.389,0,0,2.22,0,2.22,0.54,0.396199347095736,-0.315352680905113,0.182286638907746,-0.303120136049472
"186","HB2103",2998,"6B3Z","6B3I",40.2717,-70.1883,2,"MAB",23,23,11,"9/27/2021",9,27,2021,270,"19:03",95,"Fall",22.11,34.067,15.44,35.518,0,0,0,0,0,0.54,-0.568636235841013,-0.404722586237044,0.182286638907746,-0.29928819346081
"187","AL9806",1,"","6B3I",41,-68.99,2,"MAB",23,23,11,"5/13/1998",5,13,1998,133,"19:05",75,"Spring",6.43,32.049,NA,NA,0,0,0,0,0,0.38,-0.721246399047171,-0.182693856143478,0.442019291572629,-0.182693856143478
"188","AL9904",2,"","6B3I",40.82,-68.93,2,"MAB",23,23,11,"5/20/1999",5,20,1999,140,"2:49",61,"Spring",8.31,32.53,7.95,32.522,0,0,0,0,0,0.38,-0.721246399047171,0.378216415016514,0.442019291572629,0.0977612794365185
"189","AL0002",1,"6B3Z","6B3I",39.45,-72.4367,2,"MAB",14,14,7,"3/16/2000",3,16,2000,76,"10:45",121,"Spring",8.65,33.864,13.32,35.648,0,0,0,0,0,0.38,-0.721246399047171,0.130899106462938,0.442019291572629,0.108807221778658
"190","AL0103",9,"6B3Z","6B3I",39.1717,-73.1667,1,"MAB",10,10,4,"3/1/2001",3,1,2001,60,"1:56",65,"Spring",6.75,33.387,6.77,33.389,0,0,0,84,84,0.38,1.92526050951944,0.955247463414015,0.442019291572629,0.320417282187497
"191","AL0203",156,"6B3Z","6B3I",40.7567,-69.0817,2,"MAB",23,23,11,"3/2/2002",3,2,2002,61,"0:13",72,"Spring",6.05,32.912,6.02,32.93,0,0,0,565.51,565.51,0.38,2.75258617874041,0.418556883035493,0.442019291572629,0.340045202357097
"192","DE0302",103,"6B3Z","6B3I",40.9167,-70.2833,2,"MAB",24,24,12,"3/1/2003",3,1,2003,60,"0:18",40,"Spring",2.09,33.088,2.1,33.079,8.76,0,0,397.12,405.88,0.38,2.60860090548185,0.4104446100533,0.442019291572629,0.458672895596452
"193","AL0403",1,"6B3Z","6B3I",38.995,-72.905,1,"MAB",10,10,4,"3/3/2004",3,3,2004,63,"14:07",94,"Spring",4.18,33.135,6.43,34.02,0,0,0,223.2,223.2,0.38,2.34906372812595,1.05135616342175,0.442019291572629,0.593300845277499
"194","AL0503",3,"6B3Z","6B3I",37.5583,-75.4683,1,"MAB",9,9,6,"3/4/2005",3,4,2005,63,"8:58",14,"Spring",3.51,30.718,3.6,30.769,0,0,0,0,0,0.38,-0.721246399047171,0.11407290235186,0.442019291572629,0.589935604455283
"195","AL0602",131,"6B3Z","6B3I",40.63,-69.3967,2,"MAB",24,24,12,"3/2/2006",3,2,2006,61,"0:18",48,"Spring",4.14,32.613,4.17,32.615,0,0,0,244.72,244.72,0.38,2.38900651830623,0.683152586942474,0.442019291572629,0.535516629160975
"196","AL0702",131,"6B3Z","6B3I",40.4967,-70.0467,2,"MAB",23,23,11,"3/1/2007",3,1,2007,60,"1:44",67,"Spring",6.03,33.124,4.42,33.236,0,0,0,252.88,252.88,0.38,2.40324066508448,-0.0159386571045542,0.442019291572629,0.448617521132966
"197","AL0801",1,"6B3Z","6B3I",40.125,-71.055,2,"MAB",18,18,9,"3/7/2008",3,7,2008,67,"7:33",152,"Spring",6.86,33.223,12.3,35.395,0,0,0,16.68,16.68,0.38,1.22711508258913,0.925094825737339,0.442019291572629,0.551547564269774
"198","DE0905",1,"6B3Z","6B3I",40.9833,-70.8767,2,"MAB",20,20,10,"5/27/2009",5,27,2009,147,"23:23",52,"Spring",11.54,32.285,7.1,32.485,0,0,0,0,0,0.38,-0.721246399047171,0.568796172934278,0.442019291572629,0.45503556617228
"199","DE1004",1,"6B3Z","6B3I",41.1067,-71.1033,2,"MAB",20,20,10,"5/26/2010",5,26,2010,146,"18:26",37,"Spring",13.55,31.509,8.95,31.696,0,0,0,0,0,0.38,-0.721246399047171,0.52913648645103,0.442019291572629,0.538048282992114
"200","HB1102",3,"6B3","6B3",38.425,-73.7683,1,"MAB",7,7,4,"3/3/2011",3,3,2011,62,"20:16",67,"Spring",6.99,33.434,7.19,33.5,4.14,0,0,53.82,57.96,0.38,1.76454971906447,1.10938605061256,0.442019291572629,0.62329497572613
"201","HB1201",381,"6B3Z","6B3I",40.7883,-70.25,2,"MAB",24,24,12,"3/27/2012",3,27,2012,87,"20:05",44,"Spring",7.01,32.668,6.95,32.668,0,0,0,172.87,172.87,0.38,2.23819669937901,0.121032671869893,0.442019291572629,0.65068924152102
"202","HB1301",2292,"6B3Z","6B3I",40.7317,-72.66,2,"MAB",17,17,8,"3/30/2013",3,30,2013,89,"6:13",28,"Spring",5,32.532,4.45,32.708,6.66,0,0,68.08,74.74,0.38,1.8746557325981,0.361448824586391,0.442019291572629,0.53796004129083
"203","HB1401",4626,"6B3Z","6B3I",40.4283,-73.7933,2,"MAB",17,17,8,"4/17/2014",4,17,2014,107,"12:59",34,"Spring",5.83,31.456,5.89,33.394,0,0,0,2.3,2.3,0.38,0.396199347095736,1.53046693104376,0.442019291572629,0.730294192912726
"204","HB1501",7374,"6B3Z","6B3I",40.5017,-73.445,2,"MAB",17,17,8,"3/31/2015",3,31,2015,90,"4:21",20,"Spring",3.38,32.811,3.16,32.815,0,0,0,3.06,3.06,0.38,0.511883360978874,0.250133001389614,0.442019291572629,0.674493495900443
"205","GU1608",1,"6B3Z","6B3I",41.3217,-71.2533,2,"MAB",20,20,10,"5/21/2016",5,21,2016,142,"21:25",36,"Spring",12.29,31.929,8.38,32.438,0,0,0,0,0,0.38,-0.721246399047171,-0.402995485978018,0.442019291572629,0.372017188582328
"206","GU1701",1,"6B3Z","6B3I",41.2633,-71.4567,2,"MAB",20,20,10,"5/16/2017",5,16,2017,136,"21:46",39,"Spring",11.23,32.015,9.24,32.638,0,0,0,0,0,0.38,-0.721246399047171,-0.11126218441333,0.442019291572629,0.325558217325683
"207","HB1802",6074,"6B3Z","6B3I",36.2733,-75.2733,1,"MAB",2,2,2,"3/16/2018",3,16,2018,75,"13:24",32,"Spring",7.55,33.737,7.88,34.053,0,0,0,0,0,0.38,-0.721246399047171,-0.0542362029023988,0.442019291572629,0.242421211827925
"208","HB1901",8159,"6B3Z","6B3I",40.515,-70.2433,2,"MAB",23,23,11,"4/12/2019",4,12,2019,102,"2:19",65,"Spring",5.95,32.774,5.57,32.774,0,0,0,19.32,19.32,0.38,1.29025726939452,0.082621335221659,0.442019291572629,-0.0471479073364948
"209","HB2001",2508,"6B3Z","6B3I",36.0333,-75.52,1,"MAB",3,3,3,"3/12/2020",3,12,2020,72,"11:52",26,"Spring",9.77,31.51,9,32.284,0,0,0,0,0,0.38,-0.721246399047171,-0.370935066356383,0.442019291572629,-0.171361520885694
"210","GU2102",2,"6B3Z","6B3I",40.8367,-70.8233,2,"MAB",20,20,10,"5/15/2021",5,15,2021,135,"0:33",58,"Spring",11.21,32.176,6.71,32.887,0,0,0,0,0,0.38,-0.721246399047171,-0.0481855684612548,0.442019291572629,-0.100399537382342
"211","AL9808",1,"","6B3I",41,-68.99,2,"MAB",23,23,11,"6/17/1998",6,17,1998,168,"1:24",76,"Summer",11.14,31.948,8.64,31.922,0,6.48,0,0,6.48,0.8,0.837588438235511,0.013902806963812,0.222742370711746,0.013902806963812
"212","AL9906",1,"","6B3I",40.99,-69,2,"MAB",23,23,11,"6/15/1999",6,15,1999,166,"0:57",78,"Summer",10.87,32.667,10.76,32.664,0,0,0,0,0,0.8,-0.397940008672038,0.272098139824163,0.222742370711746,0.143000473393987
"213","NS0201",1,"6B3Z","6B3I",39.0833,-72.855,1,"MAB",10,10,4,"8/14/2002",8,14,2002,226,"9:20",94,"Summer",NA,NA,NA,NA,0,0,0,0,0,0.8,-0.397940008672038,0.214898939651492,0.222742370711746,0.166966628813155
"214","AL0405",70,"6B3Z","6B3I",40.975,-71.5083,2,"MAB",20,20,10,"6/1/2004",6,1,2004,153,"0:20",51,"Summer",13.11,32.612,5.78,33.085,0,644.93,0,0,644.93,0.8,2.8097818549903,0.239010967494014,0.222742370711746,0.18497771348337
"215","AL0505",65,"6B3Z","6B3I",41.555,-69.7467,2,"MAB",25,25,12,"6/1/2005",6,1,2005,152,"22:45",27,"Summer",8.46,30.364,8.39,30.39,0,0,0,0,0,0.8,-0.397940008672038,0.573431759792982,0.222742370711746,0.262668522745293
"216","AL0605",1,"6B3Z","6B3I",41.355,-71.4233,2,"MAB",21,21,10,"6/1/2006",6,1,2006,152,"5:50",32,"Summer",15.3,31.38,9.22,32.101,0,0,0,16.38,16.38,0.8,1.22479195649268,0.398895663102293,0.222742370711746,0.339667093972989
"217","DE0709",1,"6B3Z","6B3I",41.2317,-71.0333,2,"MAB",20,20,10,"8/15/2007",8,15,2007,227,"2:08",38,"Summer",18.81,31.919,12.2,32.445,0,0,66.6,0,66.6,0.8,1.82607480270083,0.722343621108064,0.222742370711746,0.429716190229769
"218","DE0808",1,"6B3Z","6B3I",41.3483,-71.08,2,"MAB",21,21,10,"8/13/2008",8,13,2008,226,"20:34",25,"Summer",20.57,31.538,14.17,32.046,0,0,8.04,0,8.04,0.8,0.926342446625655,0.503844758016771,0.222742370711746,0.487505353902825
"219","DE0905",36,"6B3Z","6B3I",38.2233,-74.71,1,"MAB",8,8,5,"6/1/2009",6,1,2009,152,"1:04",33,"Summer",18.18,31.319,10.3,32.687,0,0,0,0,0,0.8,-0.397940008672038,0.707312402038021,0.222742370711746,0.581165640811626
"220","DE1004",54,"6B3Z","6B3I",40.3117,-72.945,2,"MAB",16,16,8,"6/1/2010",6,1,2010,152,"1:53",45,"Summer",15.77,31.423,6.6,32.545,0,3,0,0,3,0.8,0.531478917042255,-0.0984666811700451,0.222742370711746,0.446785952619021
"221","DE1105",1,"6B3","6B3",41.395,-71.2133,2,"MAB",21,21,10,"6/2/2011",6,2,2011,153,"21:25",27,"Summer",16.07,31.394,11.82,31.593,0,0,0,0,0,0.8,-0.397940008672038,0.545077721796457,0.222742370711746,0.476022364357854
"222","HB1202",2,"6B3Z","6B3I",40.6583,-71.835,2,"MAB",19,19,9,"6/1/2012",6,1,2012,153,"2:41",54,"Summer",18.42,31.446,8,32.701,0,0,0,0,0,0.8,-0.397940008672038,0.381685133619899,0.222742370711746,0.407890666860221
"223","EX1305",2,"6B3Z","6B3I",40.745,-70.1633,2,"MAB",24,24,12,"8/25/2013",8,25,2013,237,"6:49",40,"Summer",16.83,32.515,13.44,32.629,0,0,17.52,0,17.52,0.8,1.25333800532611,0.132938463068252,0.222742370711746,0.333709407870517
"224","GU1608",120,"6B3Z","6B3I",40.9817,-69.055,2,"MAB",23,23,11,"6/2/2016",6,2,2016,154,"3:26",79,"Summer",9.54,32.751,9.6,32.775,0,0,0,0,0,0.8,-0.397940008672038,0.702773746464347,0.222742370711746,0.332801676755782
"225","GU1701",149,"6B3Z","6B3I",41.1633,-71.0017,2,"MAB",20,20,10,"6/6/2017",6,6,2017,157,"0:34",37,"Summer",11.75,31.655,9.81,32.084,0,0,0,0,0,0.8,-0.397940008672038,0.0547959814002479,0.222742370711746,0.36345420926984
"226","GU1804",1,"6B3Z","6B3I",41.075,-71.6717,2,"MAB",20,20,10,"8/22/2018",8,22,2018,234,"23:05",37,"Summer",20.59,31.11,14.28,32.138,0,0,49.7,0,49.7,0.8,1.69983772586725,0.702375180480287,0.222742370711746,0.394913701006606
"227","GU1902",1,"6B3Z","6B3I",36.76,-75.8367,1,"MAB",6,6,3,"8/15/2019",8,15,2019,227,"19:23",10,"Summer",26.11,30.777,14.52,32.743,0,0,3.68,0,3.68,0.8,0.61066016308988,0.665534218742443,0.222742370711746,0.451683518031115
"228","PC2104",1,"6B3Z","6B3I",41.3333,-71.4367,2,"MAB",21,21,10,"8/5/2021",8,5,2021,217,"20:18",27,"Summer",20.67,31.842,17.58,32.212,0,0,82.35,0,82.35,0.8,1.91776800244776,0.822492326332385,0.222742370711746,0.589594290683942
"229","AL9801",1,"","6B3I",40.98,-68.99,2,"MAB",23,23,11,"1/8/1998",1,8,1998,8,"6:09",76,"Winter",7.35,32.766,7.38,32.784,53.5,0,0,181.9,235.4,0.6,2.37235958252432,1.68392736731762,0.597585675557669,1.68392736731762
"230","AL9901",1,"","6B3I",41,-69,2,"MAB",23,23,11,"1/13/1999",1,13,1999,13,"0:41",76,"Winter",6.37,32.294,6.36,32.43,217.5,0,0,2262,2479.5,0.6,3.39441665566535,2.13557500783688,0.597585675557669,1.90975118757725
"231","AL0001",5,"6B3Z","6B3I",39.4217,-72.895,2,"MAB",15,15,7,"2/10/2000",2,10,2000,41,"22:19",67,"Winter",10.99,35.276,9.54,35.028,0,0,0,0,0,0.6,-0.522878745280338,0.28075251338956,0.597585675557669,1.36675162951468
"232","AL0102",3,"6B3Z","6B3I",39.0767,-72.7967,1,"MAB",10,10,4,"1/30/2001",1,30,2001,30,"16:11",122,"Winter",8.1,33.641,12.81,35.336,0,0,0,0,0,0.6,-0.522878745280338,1.35727963509274,0.597585675557669,1.3643836309092
"233","AL0203",4,"6B3Z","6B3I",36.7417,-75.5867,1,"MAB",5,5,2,"2/8/2002",2,8,2002,39,"18:45",21,"Winter",8.95,33.925,8.81,33.919,0,0,0,5.28,5.28,0.6,0.746634198937579,0.698426770422761,0.597585675557669,1.23119225881191
"234","DE0302",4,"6B3Z","6B3I",38.3533,-73.6133,1,"MAB",7,7,4,"2/7/2003",2,7,2003,38,"0:02",125,"Winter",9.86,34.659,10.06,34.914,0,0,0,0,0,0.6,-0.522878745280338,-0.182947694469583,0.597585675557669,0.857817246454471
"235","AL0402",1,"6B3Z","6B3I",39.2367,-72.4133,2,"MAB",14,14,7,"2/5/2004",2,5,2004,36,"0:17",245,"Winter",9.3,34.595,NA,NA,0,0,0,0,0,0.6,-0.522878745280338,0.752139050759455,0.597585675557669,0.581130055038986
"236","AL0502",2,"6B3Z","6B3I",39.2667,-72.445,2,"MAB",14,14,7,"2/1/2005",2,1,2005,32,"14:23",155,"Winter",8.04,33.519,NA,NA,0,0,0,0,0,0.6,-0.522878745280338,0.553840340805493,0.597585675557669,0.635747620522173
"237","AL0602",2,"6B3Z","6B3I",38.9,-72.935,1,"MAB",10,10,4,"2/8/2006",2,8,2006,39,"9:16",108,"Winter",8.9,33.252,13.61,35.494,0,0,0,0,0,0.6,-0.522878745280338,0.807235327036839,0.597585675557669,0.525738758910993
"238","AL0702",1,"6B3Z","6B3I",39.74,-73.6067,1,"MAB",11,11,5,"2/7/2007",2,7,2007,38,"13:39",36,"Winter",4.59,32.315,4.59,32.328,0,0,0,0,0,0.6,-0.522878745280338,0.00907721052413805,0.597585675557669,0.387868846931268
"239","DE0802",1,"6B3Z","6B3I",41.3933,-71.41,2,"MAB",21,21,10,"1/23/2008",1,23,2008,23,"1:04",33,"Winter",5.25,31.725,6.03,32.144,0,0,0,0,0,0.6,-0.522878745280338,1.44076218450852,0.597585675557669,0.712610822726889
"240","DE0902",1,"6B3Z","6B3I",41.2283,-71.0817,2,"MAB",20,20,10,"1/26/2009",1,26,2009,26,"22:23",41,"Winter",3.8,32.436,5.49,32.861,0,0,0,180.44,180.44,0.6,2.25705427794466,1.62532477439685,0.597585675557669,0.887247967454367
"241","DE1001",1,"6B3Z","6B3I",41.3117,-70.8467,2,"MAB",25,25,12,"2/2/2010",2,2,2010,33,"22:06",27,"Winter",2.4,32.253,2.48,32.306,0,0,0,623.22,623.22,0.6,2.79485038844861,1.61390624338222,0.597585675557669,1.09926114796971
"242","DE1102",1,"6B3","6B3",41.4017,-71.1517,2,"MAB",21,21,10,"2/1/2011",2,1,2011,32,"18:15",23,"Winter",1.57,31.921,1.58,31.927,0,0,0,2.39,2.39,0.6,0.429752280002408,1.68021678711766,0.597585675557669,1.27385743998588
"243","DE1202",1,"6B3","6B3",40.8933,-69.0933,2,"MAB",23,23,11,"2/3/2012",2,3,2012,34,"5:07",73,"Winter",7.7,32.611,7.6,32.793,22.44,0,0,456.28,478.72,0.6,2.6803536464173,0.463088202441656,0.597585675557669,1.36465963836938
"244","PC1301",1,"6B3Z","6B3I",36.9583,-75.8067,1,"MAB",6,6,3,"2/10/2013",2,10,2013,41,"18:37",14,"Winter",7.18,32.074,6.75,32.077,2.57,0,0,0,2.57,0.6,0.457881896733992,0.321569536940641,0.597585675557669,1.1408211088558
"245","HB1701",1,"6B3Z","6B3I",41.2517,-71.1733,2,"MAB",20,20,10,"2/11/2017",2,11,2017,42,"16:56",41,"Winter",5.88,33.228,5.93,33.249,0,0,0,733.44,733.44,0.6,2.86554219538083,0.784266639068904,0.597585675557669,0.972609481790216
